data;horario;n_da_ocorrencia;tipo_de_ocorrencia;km;trecho;sentido;tipo_de_acidente;caminhao;ilesos;levemente_feridos;moderadamente_feridos;gravemente_feridos;mortos;3
25/08/2015;11:17:00;140;sem vítima;176,4;BR-050/MG;Norte;Tombamento;1;1;;;;;1
27/08/2015;11:12:00;152;sem vítima;128;BR-050/MG;Norte;Colisão Lateral;1;3;;;;;1
27/08/2015;02:22:00;10;sem vítima;205,4;BR-050/GO;Norte;Atropelamento - Animal;1;1;;;;;1
27/08/2015;18:34:00;225;sem vítima;178,75;BR-050/MG;Norte;Colisão Traseira;1;3;;;;;1
29/08/2015;01:07:00;5;sem vítima;92,474;BR-050/MG;Sul;Choque - Defensa, barreira ou meio fio;1;1;;;;;1
31/08/2015;15:52:00;151;sem vítima;152,12;BR-050/MG;Sul;Colisão Traseira;1;3;;;;;1
02/09/2015;00:13:00;1;com vítima;49,9;BR-050/MG;Norte;Atropelamento - Andarilho;1;3;;;;1;3
02/09/2015;02:40:00;14;sem vítima;140,44;BR-050/GO;Norte;Colisão Traseira;2;2;;;;;1
02/09/2015;18:49:00;230;com vítima;171,3;BR-050/MG;Sul;Colisão Traseira;1;1;;1;1;;2
03/09/2015;21:09:00;282;sem vítima;29;BR-050/MG;Sul;Colisão Traseira;2;3;;;;;1
03/09/2015;07:35:00;69;sem vítima;170,6;BR-050/MG;Norte;Colisão Traseira;1;5;;;;;1
04/09/2015;20:42:00;311;sem vítima;60,5;BR-050/MG;Norte;Colisão Traseira;2;3;;;;;1
04/09/2015;10:52:00;158;sem vítima;231;BR-050/GO;Sul;Tombamento;1;1;;;;;1
08/09/2015;18:24:00;192;sem vítima;161,8;BR-050/MG;Norte;Carreta deu L;1;1;;;;;1
09/09/2015;08:12:00;79;com vítima;6;BR-050/MG;Norte;Capotamento;1;1;1;;;;1
09/09/2015;15:52:00;167;sem vítima;177,6;BR-050/MG;Sul;Colisão Traseira;2;2;;;;;1
10/09/2015;05:30:00;28;sem vítima;2;BR-050/MG;Sul;Choque - Suporte de Sinalização;1;1;;;;;1
10/09/2015;16:13:00;155;com vítima;199;BR-050/GO;Sul;Colisão Transversal;1;3;;;1;;2
12/09/2015;05:35:00;10;com vítima;78,34;BR-050/MG;Norte;Colisão Traseira;3;1;;1;1;;2
12/09/2015;07:20:00;44;sem vítima;135,5;BR-050/GO;Sul;Colisão Traseira;1;5;;;;;1
13/09/2015;20:26:00;238;com vítima;176,2;BR-050/MG;Norte;Colisão Traseira;1;2;3;;;;1
15/09/2015;16:40:00;180;sem vítima;2,1;BR-050/MG;Sul;Colisão Lateral;1;5;;;;;1
18/09/2015;14:07:00;164;com vítima;10,9;CONTORNO;Sul;Colisão Traseira;1;1;;1;2;;2
21/09/2015;20:11:00;259;sem vítima;86,5;BR-050/MG;Sul;Colisão Traseira;2;2;;;;;1
22/09/2015;21:46:00;311;sem vítima;105;BR-050/MG;Sul;Choque - Veiculo parado na pista;1;4;;;;;1
22/09/2015;07:38:00;82;sem vítima;312,12;BR-050/GO;Sul;Colisão Transversal;1;3;;;;;1
23/09/2015;15:22:00;218;com vítima;83,1;BR-050/MG;Norte;Atropelamento - Funcionário;3;2;;;;2;3
23/09/2015;09:46:00;146;sem vítima;122;BR-050/MG;Norte;Saida de Pista;1;1;;;;;1
25/09/2015;18:51:00;260;sem vítima;51,6;BR-050/MG;Sul;Colisão Lateral;1;5;;;;;1
28/09/2015;16:32:00;192;com vítima;47,8;BR-050/MG;Sul;Saida de Pista;1;0;;1;;;2
30/09/2015;14:01:00;134;com vítima;98,4;BR-050/GO;Norte;Colisão Transversal;1;1;1;1;;;2
03/10/2015;19:00:00;232;sem vítima;149,5;BR-050/GO;Norte;Colisão Lateral;1;2;;;;;1
04/10/2015;20:02:00;204;sem vítima;53;BR-050/MG;Norte;Colisão Transversal;1;4;;;;;1
06/10/2015;12:04:00;146;sem vítima;132,3;BR-050/MG;Norte;Tombamento;1;1;;;;;1
07/10/2015;22:11:00;313;sem vítima;54,22;BR-050/MG;Sul;Tombamento;1;1;;;;;1
07/10/2015;07:25:00;63;sem vítima;180,1;BR-050/GO;Norte;Saida de Pista;1;1;;;;;1
09/10/2015;13:56:00;207;com vítima;22,3;BR-050/MG;Sul;Tombamento;1;0;1;;;;1
09/10/2015;21:29:00;321;com vítima;98,7;BR-050/GO;Norte;Colisão Frontal;1;1;;;;1;3
10/10/2015;20:31:00;288;com vítima;20,5;BR-050/MG;Sul;Choque - Veiculo parado na pista;1;8;1;;;;1
11/10/2015;10:52:00;124;com vítima;56;BR-050/MG;Norte;Colisão Traseira;1;3;1;;;;1
13/10/2015;05:34:00;19;com vítima;153,6;BR-050/GO;Norte;Colisão Traseira;2;2;;1;;;2
15/10/2015;10:22:00;122;sem vítima;169;BR-050/MG;Norte;Colisão Traseira;1;2;;;;;1
16/10/2015;12:26:00;154;sem vítima;128,1;BR-050/MG;Norte;Carreta deu L;1;2;;;;;1
17/10/2015;09:22:00;124;sem vítima;138,1;BR-050/MG;Sul;Saida de Pista;1;1;;;;;1
18/10/2015;23:15:00;279;sem vítima;27,8;BR-050/MG;Norte;Saida de Pista;1;2;;;;;1
18/10/2015;19:48:00;245;com vítima;81,9;BR-050/MG;Norte;Colisão Traseira;1;2;2;;;;1
19/10/2015;15:27:00;202;sem vítima;99;BR-050/GO;Sul;Colisão Lateral;1;2;;;;;1
21/10/2015;18:08:00;252;com vítima;60;BR-050/MG;Sul;Colisão Traseira;1;1;;1;;;2
21/10/2015;17:54:00;249;sem vítima;63;BR-050/MG;Norte;Colisão Lateral;1;2;;;;;1
22/10/2015;05:55:00;21;sem vítima;34;BR-050/MG;Norte;Colisão Traseira;1;3;;;;;1
22/10/2015;09:40:00;126;sem vítima;118,6;BR-050/MG;Sul;Saida de Pista;1;1;;;;;1
22/10/2015;22:49:00;332;sem vítima;294;BR-050/GO;Norte;Tombamento;1;1;;;;;1
23/10/2015;10:59:00;124;sem vítima;14,14;CONTORNO;Norte;Tombamento;1;1;;;;;1
23/10/2015;08:03:00;80;sem vítima;29,1;BR-050/MG;Norte;Tombamento;1;1;;;;;1
24/10/2015;16:53:00;173;sem vítima;95,4;BR-050/MG;Norte;Saida de Pista;1;1;;;;;1
24/10/2015;14:13:00;151;com vítima;130;BR-050/MG;Sul;Colisão Traseira;2;0;2;;;;1
27/10/2015;02:57:00;18;com vítima;54;BR-050/MG;Sul;Capotamento;1;1;;1;;;2
27/10/2015;22:45:00;300;sem vítima;129;BR-050/GO;Sul;Colisão Traseira;2;2;;;;;1
27/10/2015;22:11:00;295;com vítima;111,38;BR-050/MG;Norte;Atropelamento - Animal;2;0;;1;;2;3
28/10/2015;16:32:00;215;com vítima;24,8;BR-050/MG;Norte;Tombamento;1;0;;1;;;2
28/10/2015;10:15:00;123;sem vítima;166,58;BR-050/MG;Norte;Colisão Traseira;2;2;;;;;1
28/10/2015;10:07:00;121;sem vítima;166,7;BR-050/MG;Norte;Choque - Defensa, barreira ou meio fio;1;1;;;;;1
28/10/2015;10:48:00;133;sem vítima;177,744;BR-050/MG;Sul;Choque - Defensa, barreira ou meio fio;1;1;;;;;1
28/10/2015;15:07:00;195;com vítima;313,1;BR-050/GO;Norte;Choque - Arvore;1;0;;1;;;2
29/10/2015;11:30:00;147;sem vítima;81,8;BR-050/MG;Norte;Colisão Lateral;2;4;;;;;1
29/10/2015;14:09:00;184;sem vítima;169;BR-050/MG;Norte;Colisão Traseira;2;3;;;;;1
29/10/2015;12:07:00;155;com vítima;280,5;BR-050/GO;Norte;Colisão Lateral;1;2;1;;;;1
05/11/2015;00:41:00;8;sem vítima;163,3;BR-050/MG;Norte;Choque - Elemento de Drenagem;1;1;;;;;1
05/11/2015;22:58:00;303;sem vítima;132,2;BR-050/GO;Norte;Tombamento;1;2;;;;;1
08/11/2015;19:43:00;190;sem vítima;177,3;BR-050/MG;Norte;Colisão Traseira;1;7;;;;;1
10/11/2015;16:28:00;194;sem vítima;172;BR-050/MG;Sul;Tombamento;1;1;;;;;1
11/11/2015;17:16:00;209;com vítima;281;BR-050/GO;Norte;Colisão Traseira;2;1;1;;;;1
12/11/2015;11:16:00;142;sem vítima;279;BR-050/GO;Norte;Colisão Lateral;1;3;;;;;1
12/11/2015;21:58:00;272;sem vítima;123,9;BR-050/MG;Sul;Objeto lançado contra veículo;1;7;;;;;1
14/11/2015;08:07:00;69;sem vítima;168;BR-050/MG;Sul;Colisão Lateral;1;2;;;;;1
15/11/2015;13:54:00;130;sem vítima;175;BR-050/MG;Sul;Tombamento;1;1;;;;;1
16/11/2015;17:41:00;204;sem vítima;265;BR-050/GO;Sul;Colisão Lateral;1;3;;;;;1
16/11/2015;20:43:00;264;sem vítima;189,38;BR-050/MG;Norte;Saida de Pista;1;1;;;;;1
17/11/2015;21:02:00;247;sem vítima;51,6;BR-050/MG;Sul;Choque - Defensa, barreira ou meio fio;1;1;;;;;1
18/11/2015;17:15:00;229;com vítima;138,3;BR-050/GO;Sul;Choque - Veiculo parado na pista;1;1;;;1;;2
19/11/2015;00:58:00;3;sem vítima;199;BR-050/GO;Norte;Carreta deu L;1;1;;;;;1
20/11/2015;12:29:00;159;sem vítima;161;BR-050/MG;Norte;Tombamento;1;1;;;;;1
20/11/2015;13:30:00;169;sem vítima;52,68;BR-050/MG;Norte;Tombamento;1;1;;;;;1
21/11/2015;00:07:00;2;sem vítima;166,4;BR-050/GO;Sul;Tombamento;1;1;;;;;1
22/11/2015;06:42:00;33;com vítima;112;BR-050/MG;Sul;Colisão Traseira;1;1;;;1;;2
23/11/2015;14:31:00;175;sem vítima;14,5;CONTORNO;Norte;Colisão Lateral;1;2;;;;;1
23/11/2015;21:12:00;272;sem vítima;2;BR-050/MG;Norte;Saida de Pista;1;1;;;;;1
25/11/2015;11:51:00;124;sem vítima;313;BR-050/GO;Sul;Colisão Lateral;2;2;;;;;1
26/11/2015;04:09:00;23;sem vítima;185,3;BR-050/MG;Sul;Choque - Veiculo parado na pista;2;2;;;;;1
26/11/2015;17:35:00;250;com vítima;140;BR-050/MG;Norte;Choque - Arvore;1;0;;;1;;2
27/11/2015;11:31:00;142;com vítima;54,8;BR-050/MG;Sul;Colisão Traseira;1;3;2;;;;1
27/11/2015;19:46:00;249;sem vítima;171,1;BR-050/MG;Norte;Colisão Lateral;1;4;;;;;1
29/11/2015;17:32:00;173;sem vítima;56,5;BR-050/MG;Norte;Colisão Transversal;1;2;;;;;1
01/12/2015;13:34:00;149;com vítima;151,27;BR-050/MG;Sul;Colisão Traseira;2;1;;;;1;3
02/12/2015;19:44:00;254;sem vítima;204,02;BR-050/MG;Sul;Choque - Defensa, barreira ou meio fio;1;1;;;;;1
06/12/2015;07:25:00;64;sem vítima;43,25;BR-050/MG;Norte;Colisão Transversal;1;2;;;;;1
08/12/2015;12:16:00;138;sem vítima;4,8;BR-050/MG;Sul;Tombamento;1;1;;;;;1
08/12/2015;14:20:00;162;sem vítima;239,2;BR-050/GO;Sul;Carreta deu L;1;1;;;;;1
08/12/2015;21:20:00;249;sem vítima;127,3;BR-050/GO;Norte;Saida de Pista;1;1;;;;;1
10/12/2015;04:36:00;17;com vítima;309,8;BR-050/GO;Norte;Colisão Transversal;1;1;;1;;1;3
10/12/2015;05:17:00;21;com vítima;92,48;BR-050/MG;Norte;Capotamento;1;0;;;1;;2
11/12/2015;12:05:00;139;com vítima;252,25;BR-050/GO;Sul;Capotamento;1;1;;;;1;3
11/12/2015;17:21:00;187;sem vítima;224,1;BR-050/GO;Sul;Colisão Traseira;1;2;;;;;1
11/12/2015;23:18:00;265;sem vítima;134,25;BR-050/MG;Sul;Colisão Traseira;2;2;;;;;1
12/12/2015;05:52:00;28;com vítima;106,32;BR-050/MG;Norte;Colisão Traseira;1;2;;2;;;2
13/12/2015;23:35:00;244;com vítima;235,9;BR-050/GO;Norte;Colisão Frontal;1;0;;;3;6;3
14/12/2015;17:29:00;181;sem vítima;186,5;BR-050/MG;Norte;Tombamento;1;1;;;;;1
15/12/2015;15:01:00;171;com vítima;172,1;BR-050/GO;Norte;Capotamento;1;0;;1;;;2
16/12/2015;06:11:00;37;sem vítima;131,58;BR-050/MG;Norte;Colisão Traseira;2;3;;;;;1
16/12/2015;16:11:00;210;com vítima;133,14;BR-050/MG;Norte;Colisão Traseira;1;1;;;1;;2
19/12/2015;11:17:00;124;sem vítima;27,75;BR-050/MG;Sul;Carreta deu L;1;1;;;;;1
20/12/2015;10:01:00;121;com vítima;233,2;BR-050/GO;Norte;Colisão Traseira;1;2;;1;1;;2
20/12/2015;17:41:00;187;sem vítima;53;BR-050/MG;Sul;Choque - Elemento de Drenagem;1;1;;;;;1
23/12/2015;16:47:00;209;com vítima;203,65;BR-050/MG;Norte;Colisão Lateral;1;1;;2;;;2
24/12/2015;05:31:00;24;com vítima;133,2;BR-050/GO;Sul;Tombamento;1;0;1;;;;1
25/12/2015;00:57:00;2;com vítima;173,2;BR-050/GO;Norte;Choque - Arvore;1;1;1;;;;1
28/12/2015;01:20:00;8;com vítima;250;BR-050/GO;Norte;Choque - Veiculo parado no acostamento;1;2;;;;1;3
01/01/2016;15:14:00;102;com vítima;180;BR-050/MG;Sul;Colisão Lateral;1;2;;1;;;2
04/01/2016;09:59:00;105;sem vítima;206,2;BR-050/MG;Norte;Tombamento;1;1;;;;;1
06/01/2016;02:04:00;10;sem vítima;62,9;BR-050/MG;Sul;Choque - Defensa, barreira ou meio fio;1;1;;;;;1
09/01/2016;14:26:00;131;com vítima;84;BR-050/MG;Sul;Colisão Traseira;1;6;1;;;;1
11/01/2016;11:04:00;103;com vítima;136,7;BR-050/MG;Sul;Capotamento;1;0;;;2;;2
12/01/2016;00:43:00;4;com vítima;28,8;BR-050/MG;Sul;Choque - Defensa, barreira ou meio fio;1;0;1;1;;;2
13/01/2016;04:15:00;11;com vítima;200;BR-050/GO;Norte;Colisão Lateral;1;2;1;;;;1
13/01/2016;21:31:00;241;com vítima;283;BR-050/GO;Norte;Colisão Lateral;1;1;1;;;;1
13/01/2016;21:49:00;243;com vítima;179;BR-050/MG;Sul;Colisão Traseira;1;41;3;;;;1
14/01/2016;13:02:00;137;sem vítima;270;BR-050/GO;Norte;Colisão Lateral;1;3;;;;;1
17/01/2016;13:26:00;127;com vítima;118,92;BR-050/GO;Norte;Atropelamento - Morador;1;1;;;1;;2
18/01/2016;20:49:00;247;sem vítima;154;BR-050/GO;Norte;Colisão Lateral;1;3;;;;;1
19/01/2016;21:07:00;270;com vítima;273;BR-050/GO;Norte;Capotamento;1;2;;1;2;;2
20/01/2016;10:52:00;140;sem vítima;0,1;BR-050/MG;Norte;Colisão Lateral;1;3;;;;;1
20/01/2016;18:44:00;218;com vítima;260,8;BR-050/GO;Sul;Colisão Traseira;1;1;;;;1;3
21/01/2016;05:17:00;14;sem vítima;138,5;BR-050/MG;Norte;Choque - Elemento de Drenagem;1;1;;;;;1
22/01/2016;01:11:00;7;com vítima;127,78;BR-050/MG;Norte;Colisão Traseira;1;1;;;1;;2
22/01/2016;04:47:00;28;sem vítima;1,6;BR-050/MG;Sul;Saida de Pista;1;1;;;;;1
22/01/2016;13:38:00;175;sem vítima;164;BR-050/MG;Norte;Colisão Traseira;1;2;;;;;1
22/01/2016;23:47:00;311;sem vítima;152,3;BR-050/GO;Sul;Atropelamento de Animal;1;1;;;;;1
23/01/2016;07:06:00;51;sem vítima;80,78;BR-050/MG;Norte;Choque - Talude;1;1;;;;;1
23/01/2016;08:44:00;85;com vítima;90,9;BR-050/MG;Norte;Tombamento;1;0;;;1;;2
25/01/2016;14:48:00;149;sem vítima;164,2;BR-050/MG;Sul;Colisão Traseira;1;5;;;;;1
26/01/2016;14:20:00;169;com vítima;140,46;BR-050/MG;Norte;Tombamento;1;0;;1;;;2
26/01/2016;18:28:00;219;com vítima;278,6;BR-050/GO;Norte;Colisão Lateral;1;1;1;;;;1
27/01/2016;00:36:00;4;sem vítima;193,4;BR-050/MG;Sul;Colisão Traseira;2;2;;;;;1
27/01/2016;05:34:00;13;sem vítima;0,2;BR-050/MG;Sul;Saida de Pista;1;2;;;;;1
28/01/2016;11:52:00;129;sem vítima;118,2;BR-050/GO;Norte;Saida de Pista;1;1;;;;;1
28/01/2016;17:35:00;191;sem vítima;29,5;BR-050/MG;Norte;Saida de Pista;1;1;;;;;1
29/01/2016;16:10:00;162;com vítima;273,3;BR-050/GO;Sul;Colisão Transversal;1;1;;;1;;2
31/01/2016;08:24:00;60;sem vítima;118,17;BR-050/MG;Norte;Choque - Defensa, barreira ou meio fio;1;40;;;;;1
01/02/2016;04:58:00;19;sem vítima;153,1;BR-050/MG;Norte;Choque - Defensa, barreira ou meio fio;1;2;;;;;1
03/02/2016;12:02:00;129;sem vítima;203,3;BR-050/MG;Norte;Colisão Traseira;1;2;;;;;1
04/02/2016;00:58:00;4;sem vítima;6,5;BR-050/MG;Norte;Tombamento;1;1;;;;;1
05/02/2016;00:34:00;7;com vítima;135;BR-050/MG;Norte;Colisão Traseira;1;1;;1;1;;2
06/02/2016;18:51:00;208;com vítima;130,9;BR-050/MG;Sul;Choque - Defensa, barreira ou meio fio;1;2;;2;;;2
09/02/2016;15:47:00;126;com vítima;270;BR-050/GO;Sul;Capotamento;1;1;2;;;;1
10/02/2016;07:37:00;66;com vítima;148,5;BR-050/GO;Norte;Colisão Transversal;1;5;1;;;;1
11/02/2016;22:59:00;269;com vítima;147,5;BR-050/GO;Sul;Tombamento;1;1;1;;;;1
12/02/2016;11:44:00;128;com vítima;7,4;BR-050/MG;Sul;Capotamento;1;0;1;;;;1
13/02/2016;09:34:00;80;sem vítima;121;BR-050/MG;Sul;Saida de Pista;1;2;;;;;1
13/02/2016;21:52:00;232;com vítima;29,78;BR-050/MG;Norte;Tombamento;1;0;;1;;;2
14/02/2016;11:55:00;86;sem vítima;133,23;BR-050/GO;Sul;Tombamento;1;1;;;;;1
14/02/2016;16:39:00;126;com vítima;119;BR-050/MG;Norte;Tombamento;1;0;;1;;;2
14/02/2016;21:40:00;187;sem vítima;85,41;BR-050/MG;Norte;Saida de Pista;1;1;;;;;1
16/02/2016;21:59:00;277;sem vítima;96,3;BR-050/MG;Norte;Colisão Traseira;2;2;;;;;1
18/02/2016;17:23:00;224;sem vítima;122;BR-050/MG;Norte;Tombamento;1;1;;;;;1
19/02/2016;18:20:00;237;com vítima;139,22;BR-050/MG;Sul;Colisão Traseira;2;2;;;;1;3
20/02/2016;17:12:00;169;com vítima;114;BR-050/GO;Sul;Colisão Traseira;1;2;2;;;3;3
24/02/2016;19:49:00;270;com vítima;172,72;BR-050/MG;Norte;Colisão Traseira;1;1;;3;;;2
25/02/2016;13:34:00;152;sem vítima;314;BR-050/GO;Sul;Choque - Veiculo parado no acostamento;1;3;;;;;1
26/02/2016;14:23:00;174;com vítima;31,85;BR-050/MG;Sul;Colisão Traseira;1;1;1;;;;1
28/02/2016;10:04:00;78;sem vítima;90,5;BR-050/MG;Norte;Tombamento;1;1;;;;;1
29/02/2016;00:10:00;1;com vítima;271,3;BR-050/GO;Norte;Colisão Frontal;1;2;;1;;;2
29/02/2016;09:03:00;97;sem vítima;147,05;BR-050/MG;Norte;Tombamento;1;1;;;;;1
29/02/2016;14:55:00;159;sem vítima;171,8;BR-050/MG;Norte;Tombamento;1;1;;;;;1
01/03/2016;03:08:00;23;sem vítima;156,18;BR-050/MG;Norte;Tombamento;1;2;;;;;1
02/03/2016;02:17:00;5;sem vítima;90,64;BR-050/MG;Norte;Saida de Pista;1;1;;;;;1
02/03/2016;19:38:00;258;sem vítima;61;BR-050/MG;Sul;Colisão Lateral;1;2;;;;;1
04/03/2016;18:59:00;256;com vítima;270;BR-050/GO;Sul;Colisão Lateral;1;1;2;1;;;2
07/03/2016;12:14:00;143;com vítima;20,2;BR-050/MG;Norte;Tombamento;1;0;;1;;;2
08/03/2016;01:03:00;11;com vítima;41;BR-050/MG;Norte;Tombamento;1;0;;1;;;2
08/03/2016;09:30:00;100;sem vítima;41;BR-050/MG;Norte;Colisão Lateral;1;2;;;;;1
09/03/2016;00:15:00;3;com vítima;78,6;BR-050/MG;Sul;Capotamento;1;1;;;2;;2
09/03/2016;21:15:00;303;com vítima;124,24;BR-050/GO;Sul;Colisão Transversal;1;1;;1;;;2
09/03/2016;23:08:00;319;sem vítima;43,22;BR-050/MG;Sul;Colisão Traseira;1;4;;;;;1
10/03/2016;09:38:00;119;sem vítima;19,5;BR-050/MG;Norte;Saida de Pista;1;1;;;;;1
10/03/2016;10:45:00;133;com vítima;56,1;BR-050/MG;Norte;Capotamento;1;0;;;;1;3
10/03/2016;15:32:00;190;sem vítima;2;BR-050/MG;Norte;Colisão Lateral;1;2;;;;;1
11/03/2016;20:55:00;326;sem vítima;29,9;BR-050/MG;Sul;Colisão Traseira;2;2;;;;;1
13/03/2016;23:48:00;262;sem vítima;252,5;BR-050/GO;Norte;Choque - Suporte de Sinalização;1;1;;;;;1
14/03/2016;00:47:00;5;sem vítima;99;BR-050/GO;Sul;Saida de Pista;1;1;;;;;1
16/03/2016;06:37:00;44;sem vítima;22;BR-050/MG;Norte;Colisão Traseira;1;3;;;;;1
16/03/2016;13:16:00;155;sem vítima;168,18;BR-050/MG;Norte;Tombamento;1;2;;;;;1
17/03/2016;08:10:00;69;sem vítima;226;BR-050/GO;Sul;Engavetamento;2;5;;;;;1
17/03/2016;12:29:00;124;sem vítima;181,1;BR-050/MG;Sul;Colisão Lateral;1;2;;;;;1
18/03/2016;07:42:00;80;sem vítima;186,4;BR-050/MG;Sul;Choque - Defensa, barreira ou meio fio;1;1;;;;;1
18/03/2016;13:51:00;153;sem vítima;222,5;BR-050/GO;Norte;Tombamento;1;1;;;;;1
18/03/2016;20:13:00;278;sem vítima;156,4;BR-050/MG;Norte;Saida de Pista;1;1;;;;;1
19/03/2016;14:21:00;156;sem vítima;85,11;BR-050/MG;Sul;Capotamento;1;2;;;;;1
21/03/2016;09:09:00;75;com vítima;95,7;BR-050/GO;Norte;Tombamento;1;0;1;;;;1
22/03/2016;18:56:00;225;sem vítima;148,5;BR-050/GO;Norte;Colisão Lateral;2;4;;;;;1
23/03/2016;11:22:00;174;com vítima;159;BR-050/MG;Sul;Capotamento;1;1;;1;;;2
25/03/2016;18:26:00;178;sem vítima;203,4;BR-050/MG;Norte;Tombamento;1;1;;;;;1
27/03/2016;00:07:00;1;sem vítima;11;BR-050/MG;Sul;Choque - Defensa, barreira ou meio fio;1;1;;;;;1
27/03/2016;13:38:00;135;com vítima;53,15;BR-050/MG;Norte;Colisão Frontal;2;2;;;2;1;3
27/03/2016;16:49:00;166;sem vítima;177,45;BR-050/MG;Norte;Tombamento;1;1;;;;;1
29/03/2016;17:33:00;188;sem vítima;155,08;BR-050/MG;Sul;Colisão Lateral;1;3;;;;;1
31/03/2016;08:08:00;75;com vítima;174,5;BR-050/MG;Sul;Queda de Moto;1;1;;1;;;2
01/04/2016;05:08:00;26;com vítima;4,6;CONTORNO;Sul;Colisão Traseira;1;1;;1;;;2
01/04/2016;23:21:00;330;sem vítima;160,2;BR-050/MG;Sul;Colisão Lateral;2;2;;;;;1
02/04/2016;08:47:00;90;sem vítima;0,5;BR-050/MG;Norte;Tombamento;1;1;;;;;1
03/04/2016;19:15:00;190;com vítima;96;BR-050/GO;Norte;Colisão Transversal;1;5;;1;;;2
04/04/2016;09:30:00;112;com vítima;13;BR-050/MG;Norte;Colisão Traseira;1;4;1;;;;1
05/04/2016;08:00:00;79;sem vítima;102,6;BR-050/MG;Norte;Saida de Pista;1;1;;;;;1
06/04/2016;12:31:00;121;sem vítima;15,4;BR-050/MG;Sul;Colisão Traseira;1;2;;;;;1
06/04/2016;22:38:00;268;sem vítima;52,6;BR-050/MG;Norte;Colisão Traseira;1;2;;;;;1
07/04/2016;16:28:00;203;sem vítima;270;BR-050/GO;Norte;Tombamento;1;1;;;;;1
09/04/2016;19:07:00;209;sem vítima;116,6;BR-050/MG;Sul;Colisão Traseira;1;2;;;;;1
12/04/2016;13:36:00;163;sem vítima;131,9;BR-050/MG;Norte;Colisão Traseira;1;3;;;;;1
12/04/2016;17:02:00;204;com vítima;229,3;BR-050/GO;Norte;Tombamento;1;1;1;;;;1
15/04/2016;16:18:00;177;sem vítima;15;CONTORNO;Norte;Engavetamento;1;6;;;;;1
18/04/2016;13:12:00;142;sem vítima;97,2;BR-050/GO;Norte;Colisão Transversal;1;3;;;;;1
19/04/2016;09:33:00;104;sem vítima;177;BR-050/MG;Norte;Choque - Defensa, barreira ou meio fio;1;3;;;;;1
21/04/2016;18:25:00;247;com vítima;47;BR-050/MG;Norte;Colisão Traseira;2;1;;1;;;2
22/04/2016;05:28:00;25;sem vítima;222,34;BR-050/GO;Sul;Colisão Lateral;1;2;;;;;1
25/04/2016;14:59:00;187;sem vítima;165,42;BR-050/GO;Sul;Tombamento;1;1;;;;;1
25/04/2016;17:43:00;216;sem vítima;57;BR-050/MG;Sul;Colisão Traseira;1;13;;;;;1
26/04/2016;17:18:00;174;sem vítima;180;BR-050/MG;Sul;Colisão Lateral;1;2;;;;;1
26/04/2016;18:24:00;193;sem vítima;179,7;BR-050/MG;Sul;Colisão Lateral;1;2;;;;;1
28/04/2016;08:16:00;78;com vítima;27;BR-050/MG;Sul;Colisão Transversal;1;3;;3;;;2
28/04/2016;08:46:00;81;sem vítima;179,1;BR-050/MG;Sul;Colisão Traseira;1;3;;;;;1
29/04/2016;09:47:00;107;com vítima;9;CONTORNO;Norte;Colisão Traseira;1;1;1;;;;1
29/04/2016;11:32:00;126;com vítima;126,6;BR-050/MG;Norte;Colisão Lateral;1;1;;1;;;2
29/04/2016;15:29:00;172;sem vítima;21;CONTORNO;Norte;Tombamento;1;1;;;;;1
01/05/2016;19:41:00;200;com vítima;82,8;BR-050/MG;Norte;Colisão Traseira;1;1;;2;;;2
02/05/2016;05:45:00;25;com vítima;153,03;BR-050/MG;Norte;Colisão Traseira;2;1;;;;1;3
03/05/2016;11:08:00;127;sem vítima;176;BR-050/MG;Sul;Tombamento;1;1;;;;;1
06/05/2016;17:13:00;221;com vítima;184,2;BR-050/GO;Sul;Colisão Lateral;1;46;1;6;;;2
06/05/2016;17:31:00;224;sem vítima;175;BR-050/MG;Norte;Colisão Traseira;1;2;;;;;1
09/05/2016;17:35:00;200;sem vítima;174,3;BR-050/MG;Norte;Colisão Traseira;1;2;;;;;1
09/05/2016;21:58:00;278;sem vítima;0,3;BR-050/MG;Sul;Tombamento;1;1;;;;;1
11/05/2016;08:32:00;95;sem vítima;199;BR-050/GO;Sul;Tombamento;1;1;;;;;1
13/05/2016;07:17:00;75;sem vítima;37,6;BR-050/MG;Norte;Colisão Lateral;2;2;;;;;1
13/05/2016;15:17:00;195;sem vítima;226;BR-050/GO;Sul;Colisão Traseira;1;14;;;;;1
14/05/2016;07:16:00;55;sem vítima;136,1;BR-050/MG;Sul;Carreta deu L;1;1;;;;;1
16/05/2016;07:26:00;63;sem vítima;313,18;BR-050/GO;Norte;Choque - Barranco;1;1;;;;;1
16/05/2016;20:44:00;258;com vítima;95,7;BR-050/GO;Sul;Colisão Frontal;1;1;;;3;;2