data;horario;n_da_ocorrencia;tipo_de_ocorrencia;km;trecho;sentido;tipo_de_acidente;caminhao;ilesos;levemente_feridos;moderadamente_feridos;gravemente_feridos;mortos;3
18/05/2016;01:35:00;11;com vítima;119,9;BR-050/GO;Norte;Tombamento;1;0;;1;;;2
19/05/2016;17:16:00;181;com vítima;28;BR-050/MG;Sul;Colisão Lateral;1;3;;2;;;2
21/05/2016;18:19:00;207;com vítima;280;BR-050/GO;Sul;Colisão Lateral;1;1;;3;;;2
23/05/2016;07:19:00;60;sem vítima;0,5;CONTORNO;Norte;Colisão Traseira;2;2;;;;;1
23/05/2016;09:19:00;106;sem vítima;13,8;BR-050/MG;Norte;Choque - Defensa, barreira ou meio fio;1;1;;;;;1
24/05/2016;08:22:00;84;sem vítima;178,8;BR-050/MG;Sul;Choque - Defensa, barreira ou meio fio;1;1;;;;;1
24/05/2016;16:10:00;172;com vítima;306,2;BR-050/GO;Sul;Tombamento;1;0;1;;;;1
25/05/2016;06:29:00;56;com vítima;78,9;BR-050/MG;Norte;Choque - Barranco;1;0;;1;;;2
27/05/2016;09:35:00;90;sem vítima;152,8;BR-050/MG;Norte;Colisão Traseira;2;2;;;;;1
27/05/2016;11:13:00;106;com vítima;15;CONTORNO;Norte;Tombamento;1;0;;;1;;2
27/05/2016;11:26:00;109;sem vítima;15;CONTORNO;Norte;Colisão Traseira;1;2;;;;;1
29/05/2016;20:03:00;229;sem vítima;282,1;BR-050/GO;Sul;Saida de Pista;1;1;;;;;1
30/05/2016;04:21:00;14;sem vítima;95,7;BR-050/GO;Norte;Tombamento;1;1;;;;;1
30/05/2016;04:45:00;15;sem vítima;176;BR-050/GO;Norte;Saida de Pista;1;1;;;;;1
30/05/2016;17:05:00;191;sem vítima;179,3;BR-050/MG;Norte;Choque - Defensa, barreira ou meio fio;1;1;;;;;1
30/05/2016;17:35:00;193;com vítima;29,7;BR-050/MG;Norte;Tombamento;1;1;;1;;;2
30/05/2016;22:21:00;272;com vítima;168;BR-050/MG;Sul;Colisão Traseira;3;1;;1;1;;2
31/05/2016;18:34:00;193;com vítima;29;BR-050/MG;Norte;Tombamento;1;0;1;;;;1
01/06/2016;07:37:00;80;sem vítima;180,02;BR-050/MG;Sul;Colisão Lateral;1;2;;;;;1
01/06/2016;18:52:00;226;com vítima;83,78;BR-050/MG;Sul;Colisão Traseira;1;1;;1;;;2
02/06/2016;18:04:00;205;sem vítima;77;BR-050/MG;Norte;Engavetamento;1;7;;;;;1
06/06/2016;03:29:00;27;sem vítima;101,5;BR-050/MG;Norte;Atropelamento de Animal;1;1;;;;;1
06/06/2016;16:48:00;197;sem vítima;152,9;BR-050/MG;Norte;Colisão Traseira;2;2;;;;;1
07/06/2016;13:40:00;158;sem vítima;175,76;BR-050/MG;Norte;Choque - Barranco;1;1;;;;;1
07/06/2016;21:35:00;260;sem vítima;53,7;BR-050/MG;Norte;Tombamento;1;2;;;;;1
08/06/2016;08:20:00;89;sem vítima;190,5;BR-050/GO;Norte;Tombamento;1;2;;;;;1
08/06/2016;13:33:00;151;sem vítima;110,8;BR-050/MG;Sul;Colisão Lateral;1;2;;;;;1
10/06/2016;04:06:00;16;sem vítima;97,18;BR-050/MG;Norte;Choque - Veiculo parado na pista;2;2;;;;;1
11/06/2016;06:07:00;47;sem vítima;272,6;BR-050/GO;Norte;Saida de Pista;1;1;;;;;1
12/06/2016;04:06:00;23;sem vítima;147,2;BR-050/GO;Norte;Saida de Pista;1;1;;;;;1
13/06/2016;00:49:00;6;sem vítima;143;BR-050/MG;Sul;Tombamento;1;1;;;;;1
14/06/2016;14:32:00;173;sem vítima;105;BR-050/MG;Sul;Colisão Traseira;2;2;;;;;1
16/06/2016;09:50:00;115;sem vítima;306,65;BR-050/GO;Sul;Tombamento;1;1;;;;;1
16/06/2016;14:52:00;174;com vítima;170,75;BR-050/MG;Sul;Colisão Traseira;1;1;1;;;;1
16/06/2016;16:41:00;193;com vítima;165,9;BR-050/MG;Sul;Colisão Traseira;1;1;;1;;;2
19/06/2016;15:10:00;154;com vítima;133;BR-050/GO;Sul;Colisão Traseira;1;2;;1;;;2
19/06/2016;19:44:00;226;com vítima;96;BR-050/GO;Sul;Colisão Lateral;1;0;;;2;;2
20/06/2016;08:58:00;123;sem vítima;13,8;BR-050/MG;Norte;Choque - Veiculo parado na pista;1;4;;;;;1
20/06/2016;19:00:00;246;sem vítima;128;BR-050/GO;Sul;Tombamento;1;1;;;;;1
22/06/2016;08:05:00;88;sem vítima;60,5;BR-050/MG;Norte;Colisão Lateral;1;2;;;;;1
23/06/2016;11:35:00;155;sem vítima;2,5;BR-050/MG;Sul;Choque - Veiculo parado na pista;2;2;;;;;1
24/06/2016;03:49:00;37;sem vítima;15;CONTORNO;Sul;Tombamento;1;1;;;;;1
24/06/2016;12:20:00;169;sem vítima;105;BR-050/MG;Sul;Colisão Lateral;1;2;;;;;1
26/06/2016;06:00:00;23;sem vítima;307,3;BR-050/GO;Sul;Colisão Lateral;1;4;;;;;1
30/06/2016;01:54:00;7;sem vítima;30;BR-050/MG;Sul;Choque - Defensa, barreira ou meio fio;1;1;;;;;1
30/06/2016;16:36:00;163;sem vítima;180;BR-050/MG;Sul;Colisão Lateral;1;2;;;;;1
02/07/2016;22:11:00;252;sem vítima;96;BR-050/MG;Norte;Tombamento;1;1;;;;;1
03/07/2016;21:57:00;198;sem vítima;90,36;BR-050/MG;Norte;Tombamento;1;1;;;;;1
04/07/2016;08:58:00;104;sem vítima;98,1;BR-050/GO;Sul;Colisão Transversal;2;2;;;;;1
06/07/2016;18:02:00;179;com vítima;15,462;BR-050/MG;Sul;Colisão Traseira;1;1;;1;;;2
07/07/2016;16:17:00;188;sem vítima;43,2;BR-050/MG;Sul;Engavetamento;2;3;;;;;1
08/07/2016;21:12:00;274;com vítima;108,1;BR-050/MG;Sul;Colisão Traseira;1;1;;1;;;2
10/07/2016;04:49:00;27;com vítima;177,15;BR-050/MG;Norte;Colisão Traseira;1;1;;;;1;3
10/07/2016;14:11:00;129;sem vítima;184,3;BR-050/MG;Norte;Colisão Lateral;1;2;;;;;1
12/07/2016;07:37:00;67;sem vítima;273,5;BR-050/GO;Norte;Colisão Lateral;1;3;;;;;1
12/07/2016;07:46:00;75;com vítima;174,9;BR-050/GO;Norte;Colisão Traseira;1;2;2;;;;1
13/07/2016;18:06:00;235;com vítima;198,625;BR-050/GO;Sul;Colisão Lateral;1;7;3;2;2;;2
14/07/2016;06:44:00;43;com vítima;2,9;CONTORNO;Norte;Choque - Arvore;1;0;;;;1;3
14/07/2016;16:56:00;189;com vítima;280,6;BR-050/GO;Sul;Colisão Transversal;1;2;;2;;;2
18/07/2016;21:41:00;269;sem vítima;105;BR-050/MG;Sul;Colisão Traseira;2;3;;;;;1
21/07/2016;19:03:00;226;sem vítima;234,9;BR-050/GO;Norte;Colisão Traseira;2;3;;;;;1
22/07/2016;00:09:00;1;com vítima;93,7;BR-050/MG;Norte;Colisão Traseira;2;0;;1;2;;2
30/07/2016;02:52:00;26;sem vítima;192,43;BR-050/GO;Sul;Saida de Pista;1;2;;;;;1
30/07/2016;18:54:00;242;com vítima;104;BR-050/GO;Norte;Colisão Traseira;1;1;1;;;;1
30/07/2016;20:56:00;278;com vítima;314;BR-050/GO;Norte;Colisão Frontal;1;1;1;;;;1
31/07/2016;10:11:00;86;sem vítima;87,4;BR-050/MG;Sul;Colisão Lateral;1;3;;;;;1
02/08/2016;18:55:00;230;com vítima;199,4;BR-050/GO;Norte;Colisão Lateral;1;3;1;;;;1
03/08/2016;05:57:00;48;sem vítima;313,5;BR-050/GO;Sul;Tombamento;1;1;;;;;1
03/08/2016;08:37:00;103;com vítima;173,95;BR-050/GO;Sul;Colisão Transversal;1;1;;;1;;2
04/08/2016;18:09:00;223;com vítima;135,5;BR-050/MG;Sul;Tombamento;1;0;;;1;;2
04/08/2016;21:20:00;265;com vítima;195,5;BR-050/MG;Sul;Colisão Traseira;2;1;;;1;;2
04/08/2016;23:01:00;278;com vítima;21;BR-050/MG;Sul;Colisão Traseira;1;4;2;;;;1
05/08/2016;06:11:00;36;sem vítima;160,6;BR-050/MG;Sul;Atropelamento de Animal;1;1;;;;;1
05/08/2016;19:46:00;267;com vítima;53,96;BR-050/MG;Sul;Colisão Traseira;2;1;;1;;;2
06/08/2016;07:27:00;74;sem vítima;42;BR-050/MG;Sul;Colisão Traseira;1;3;;;;;1
08/08/2016;17:57:00;244;sem vítima;28;BR-050/MG;Sul;Carreta deu L;1;1;;;;;1
09/08/2016;04:50:00;22;com vítima;218,8;BR-050/GO;Norte;Capotamento;1;0;1;;;;1
10/08/2016;20:24:00;285;com vítima;81,95;BR-050/MG;Norte;Colisão Traseira;3;6;;;;1;3
11/08/2016;10:58:00;134;sem vítima;43;BR-050/MG;Norte;Colisão Traseira;2;3;;;;;1
12/08/2016;06:21:00;46;sem vítima;189,6;BR-050/MG;Norte;Colisão Traseira;2;2;;;;;1
12/08/2016;20:24:00;280;com vítima;138,22;BR-050/MG;Sul;Colisão Traseira;1;1;;;1;;2
13/08/2016;10:11:00;121;sem vítima;174,1;BR-050/MG;Sul;Colisão Traseira;1;2;;;;;1
13/08/2016;18:54:00;212;sem vítima;51,7;BR-050/MG;Sul;Choque - Veiculo parado na pista;1;6;;;;;1
15/08/2016;21:24:00;255;sem vítima;169,6;BR-050/MG;Sul;Carreta deu L;1;1;;;;;1
15/08/2016;22:03:00;260;sem vítima;169,95;BR-050/MG;Norte;Tombamento;1;1;;;;;1
16/08/2016;09:53:00;107;com vítima;177,5;BR-050/MG;Norte;Colisão Traseira;1;1;;1;;;2
16/08/2016;23:32:00;254;sem vítima;63,94;BR-050/MG;Sul;Choque - Defensa, barreira ou meio fio;1;1;;;;;1
18/08/2016;09:33:00;116;com vítima;15;CONTORNO;Sul;Colisão Lateral;1;1;1;;1;;2
18/08/2016;15:10:00;174;sem vítima;155;BR-050/MG;Sul;Colisão Traseira;2;4;;;;;1
21/08/2016;07:56:00;67;sem vítima;53,04;BR-050/MG;Norte;Choque - Talude;1;1;;;;;1
22/08/2016;17:06:00;203;sem vítima;170,95;BR-050/MG;Norte;Engavetamento;2;3;;;;;1
22/08/2016;19:18:00;253;sem vítima;280;BR-050/GO;Norte;Colisão Transversal;1;3;;;;;1
25/08/2016;00:54:00;2;sem vítima;210,35;BR-050/GO;Sul;Capotamento;1;1;;;;;1
25/08/2016;03:41:00;17;sem vítima;102;BR-050/MG;Sul;Atropelamento de Animal;1;1;;;;;1
25/08/2016;17:26:00;216;sem vítima;54,14;BR-050/MG;Norte;Carreta deu L;1;1;;;;;1
27/08/2016;01:47:00;11;com vítima;102,4;BR-050/MG;Norte;Atropelamento de Animal;2;2;;;1;;2
27/08/2016;15:26:00;172;com vítima;201,5;BR-050/GO;Norte;Colisão Frontal;2;3;;;;1;3
29/08/2016;07:20:00;59;sem vítima;179;BR-050/MG;Sul;Saida de Pista;1;1;;;;;1
30/08/2016;00:27:00;3;sem vítima;203,9;BR-050/MG;Norte;Choque - Elemento de Drenagem;1;1;;;;;1
30/08/2016;16:17:00;185;sem vítima;15;CONTORNO;Sul;Tombamento;1;1;;;;;1
30/08/2016;19:44:00;252;com vítima;22;BR-050/MG;Sul;Colisão Traseira;1;1;;1;;;2
31/08/2016;03:16:00;11;com vítima;53,3;BR-050/MG;Norte;Colisão Traseira;1;1;;2;;;2
01/09/2016;08:04:00;71;com vítima;281,7;BR-050/GO;Norte;Colisão Frontal;1;1;;;;1;3
03/09/2016;04:38:00;32;sem vítima;42,2;BR-050/MG;Norte;Choque - Defensa, barreira ou meio fio;1;1;;;;;1
04/09/2016;14:42:00;114;sem vítima;96,5;BR-050/MG;Norte;Colisão Traseira;2;2;;;;;1
04/09/2016;19:32:00;212;com vítima;279;BR-050/GO;Sul;Colisão Transversal;1;1;;;1;;2
04/09/2016;20:22:00;228;sem vítima;175,7;BR-050/MG;Sul;Colisão Lateral;1;2;;;;;1
06/09/2016;06:41:00;34;sem vítima;13;BR-050/MG;Norte;Colisão Traseira;1;2;;;;;1
07/09/2016;10:11:00;103;com vítima;192,2;BR-050/MG;Norte;Tombamento;1;0;1;;;;1
07/09/2016;23:53:00;265;com vítima;80,3;BR-050/MG;Norte;Colisão Traseira;1;1;;1;;;2
09/09/2016;15:09:00;179;sem vítima;113;BR-050/MG;Norte;Capotamento;1;1;;;;;1
09/09/2016;19:13:00;244;com vítima;143,6;BR-050/GO;Norte;Colisão Lateral;1;3;2;;;;1
14/09/2016;04:58:00;27;sem vítima;99,5;BR-050/MG;Norte;Colisão Traseira;2;2;;;;;1
15/09/2016;16:14:00;197;sem vítima;178,5;BR-050/MG;Sul;Carreta deu L;1;1;;;;;1
16/09/2016;04:56:00;20;sem vítima;150;BR-050/MG;Sul;Tombamento;1;2;;;;;1
16/09/2016;09:57:00;133;com vítima;80,6;BR-050/MG;Norte;Colisão Traseira;1;1;2;;;;1
19/09/2016;00:26:00;4;sem vítima;93;BR-050/MG;Sul;Colisão Traseira;2;2;;;;;1
19/09/2016;07:56:00;92;com vítima;169,1;BR-050/MG;Sul;Atropelamento - Morador;3;3;1;;;2;3
19/09/2016;08:34:00;105;sem vítima;227,7;BR-050/GO;Norte;Colisão Lateral;2;3;;;;;1
19/09/2016;18:52:00;242;com vítima;190,3;BR-050/MG;Sul;Choque - Objeto sobre a pista;3;5;;1;;;2
21/09/2016;04:21:00;11;com vítima;130;BR-050/MG;Norte;Tombamento;1;0;;1;;;2
21/09/2016;05:10:00;16;com vítima;60,16;BR-050/MG;Norte;Colisão Traseira;1;0;;3;1;;2
21/09/2016;18:25:00;187;com vítima;56,2;BR-050/MG;Norte;Capotamento;1;0;;2;;;2
21/09/2016;18:47:00;192;sem vítima;169,5;BR-050/MG;Norte;Colisão Lateral;2;3;;;;;1
23/09/2016;06:28:00;32;com vítima;129,8;BR-050/MG;Sul;Tombamento;1;1;;1;;;2
23/09/2016;15:13:00;175;sem vítima;185;BR-050/GO;Sul;Saida de Pista;1;1;;;;;1
24/09/2016;05:58:00;31;com vítima;227,8;BR-050/GO;Sul;Colisão Frontal;1;1;;;;2;3
25/09/2016;18:01:00;159;sem vítima;161,3;BR-050/GO;Norte;Colisão Traseira;2;3;;;;;1
29/09/2016;08:05:00;82;sem vítima;282;BR-050/GO;Sul;Colisão Transversal;2;2;;;;;1
29/09/2016;10:30:00;136;sem vítima;105;BR-050/MG;Sul;Colisão Traseira;2;2;;;;;1
29/09/2016;10:40:00;140;sem vítima;142,4;BR-050/MG;Sul;Colisão Lateral;2;10;;;;;1
29/09/2016;13:19:00;173;sem vítima;165;BR-050/GO;Sul;Tombamento;1;1;;;;;1
29/09/2016;13:21:00;174;sem vítima;86;BR-050/MG;Norte;Carreta deu L;2;2;;;;;1
30/09/2016;09:39:00;114;sem vítima;114,3;BR-050/MG;Norte;Saida de Pista;1;1;;;;;1
03/10/2016;01:28:00;8;sem vítima;202,3;BR-050/GO;Norte;Tombamento;1;1;;;;;1
03/10/2016;16:13:00;175;com vítima;93,5;BR-050/MG;Norte;Colisão Lateral;1;5;;;1;;2
04/10/2016;06:50:00;30;sem vítima;136,54;BR-050/MG;Norte;Carreta deu L;1;2;;;;;1
04/10/2016;14:46:00;150;com vítima;189,5;BR-050/MG;Norte;Colisão Traseira;2;1;;1;;;2
04/10/2016;16:34:00;167;sem vítima;304,8;BR-050/GO;Sul;Choque - Talude;1;2;;;;;1
04/10/2016;23:05:00;256;com vítima;24;BR-050/MG;Sul;Colisão Traseira;2;1;;;1;;2
06/10/2016;18:55:00;226;sem vítima;43,1;BR-050/MG;Sul;Saida de Pista;1;1;;;;;1
08/10/2016;23:32:00;246;sem vítima;172,2;BR-050/MG;Sul;Colisão Traseira;1;3;;;;;1
10/10/2016;22:48:00;307;sem vítima;32;BR-050/MG;Sul;Atropelamento de Animal;1;1;;;;;1
11/10/2016;07:48:00;72;com vítima;170,6;BR-050/MG;Sul;Colisão Traseira;1;1;;2;;;2
11/10/2016;14:14:00;165;sem vítima;47,9;BR-050/MG;Sul;Tombamento;2;4;;;;;1
11/10/2016;15:42:00;181;sem vítima;45,3;BR-050/MG;Sul;Saida de Pista;1;1;;;;;1
11/10/2016;19:40:00;234;sem vítima;155,8;BR-050/MG;Norte;Tombamento;1;2;;;;;1
13/10/2016;05:35:00;16;sem vítima;198;BR-050/MG;Sul;Colisão Traseira;1;4;;;;;1
13/10/2016;12:32:00;157;sem vítima;176,5;BR-050/MG;Sul;Choque - Defensa, barreira ou meio fio;1;3;;;;;1
14/10/2016;06:04:00;41;sem vítima;91,2;BR-050/MG;Norte;Colisão Traseira;2;2;;;;;1
14/10/2016;12:25:00;175;com vítima;0;BR-050/MG;Norte;Colisão Transversal;1;1;;2;;;2
14/10/2016;18:00:00;231;sem vítima;13,8;BR-050/MG;Norte;Colisão Traseira;1;3;;;;;1
15/10/2016;15:20:00;165;sem vítima;168;BR-050/MG;Sul;Colisão Traseira;1;3;;;;;1
15/10/2016;15:59:00;173;sem vítima;165,7;BR-050/MG;Sul;Saida de Pista;1;1;;;;;1
19/10/2016;04:43:00;20;sem vítima;167;BR-050/MG;Sul;Tombamento;1;1;;;;;1
20/10/2016;17:08:00;181;com vítima;178,34;BR-050/MG;Norte;Colisão Lateral;1;2;;1;;;2
20/10/2016;18:26:00;206;sem vítima;168;BR-050/MG;Sul;Carreta deu L;1;2;;;;;1
21/10/2016;05:10:00;16;sem vítima;17;BR-050/MG;Norte;Tombamento;1;1;;;;;1
22/10/2016;15:16:00;150;sem vítima;179,1;BR-050/MG;Sul;Choque - Defensa, barreira ou meio fio;1;1;;;;;1
23/10/2016;19:37:00;209;sem vítima;13,8;BR-050/MG;Norte;Colisão Traseira;1;4;;;;;1
24/10/2016;14:06:00;189;com vítima;202,6;BR-050/MG;Sul;Choque - Veiculo parado na pista;2;1;;;1;;2
25/10/2016;01:34:00;17;sem vítima;102,6;BR-050/GO;Sul;Saida de Pista;1;1;;;;;1
25/10/2016;12:27:00;160;com vítima;90,24;BR-050/MG;Sul;Tombamento;1;0;;1;;;2
25/10/2016;18:49:00;242;sem vítima;21,3;CONTORNO;Sul;Tombamento;1;1;;;;;1
27/10/2016;03:07:00;23;sem vítima;61;BR-050/MG;Sul;Tombamento;1;1;;;;;1
27/10/2016;08:47:00;94;com vítima;161,7;BR-050/MG;Norte;Tombamento;1;0;;1;;;2
28/10/2016;11:59:00;146;com vítima;144;BR-050/GO;Norte;Engavetamento;1;3;2;2;;;2
29/10/2016;22:59:00;268;com vítima;119,06;BR-050/MG;Norte;Capotamento;1;1;1;;;;1
30/10/2016;23:08:00;249;sem vítima;79;BR-050/MG;Sul;Colisão Traseira;1;3;;;;;1
01/11/2016;00:51:00;5;sem vítima;164,3;BR-050/MG;Sul;Choque - Elemento de Drenagem;1;1;;;;;1
03/11/2016;14:32:00;157;com vítima;296;BR-050/GO;Norte;Colisão Lateral;1;1;;1;;;2
03/11/2016;19:05:00;219;com vítima;178,6;BR-050/MG;Sul;Capotamento;1;0;;1;;;2
04/11/2016;21:51:00;254;sem vítima;280;BR-050/GO;Sul;Colisão Transversal;1;3;;;;;1
05/11/2016;09:26:00;91;com vítima;77;BR-050/MG;Norte;Colisão Traseira;1;1;2;;;;1
06/11/2016;11:21:00;93;com vítima;274,9;BR-050/GO;Norte;Colisão Transversal;1;1;;1;1;;2
07/11/2016;09:47:00;119;com vítima;270,6;BR-050/GO;Sul;Tombamento;1;0;1;;;;1
08/11/2016;06:17:00;26;sem vítima;33,5;BR-050/MG;Norte;Colisão Transversal;1;2;;;;;1
08/11/2016;08:45:00;85;sem vítima;199,9;BR-050/MG;Norte;Choque - Suporte de Sinalização;1;1;;;;;1
08/11/2016;23:31:00;291;com vítima;197;BR-050/GO;Norte;Tombamento;3;0;1;;;2;3
10/11/2016;11:34:00;116;sem vítima;13,8;BR-050/MG;Norte;Colisão Traseira;2;6;;;;;1
11/11/2016;03:02:00;17;com vítima;152,5;BR-050/MG;Sul;Colisão Transversal;2;1;;1;;;2
11/11/2016;20:08:00;260;com vítima;98,7;BR-050/GO;Sul;Colisão Frontal;1;1;;2;;;2
13/11/2016;00:12:00;4;sem vítima;115,9;BR-050/GO;Sul;Carreta deu L;1;1;;;;;1
13/11/2016;01:58:00;13;sem vítima;143,3;BR-050/MG;Norte;Atropelamento de Animal;1;1;;;;;1
13/11/2016;09:27:00;86;sem vítima;13,8;BR-050/MG;Sul;Colisão Lateral;1;2;;;;;1
13/11/2016;19:14:00;182;sem vítima;85,7;BR-050/MG;Norte;Colisão Lateral;1;6;;;;;1
14/11/2016;09:32:00;96;com vítima;17;BR-050/MG;Norte;Capotamento;1;2;2;;;;1
15/11/2016;13:38:00;126;com vítima;172,74;BR-050/MG;Norte;Tombamento;1;0;;2;;;2
15/11/2016;20:22:00;245;com vítima;84;BR-050/MG;Norte;Capotamento;1;1;;2;;;2
17/11/2016;03:21:00;11;sem vítima;133,158;BR-050/MG;Sul;Choque - Defensa, barreira ou meio fio;1;1;;;;;1
17/11/2016;04:45:00;16;sem vítima;114;BR-050/MG;Norte;Carreta deu L;1;1;;;;;1
17/11/2016;12:28:00;139;sem vítima;28,9;BR-050/MG;Norte;Choque - Defensa, barreira ou meio fio;1;1;;;;;1
19/11/2016;16:04:00;134;sem vítima;140,42;BR-050/MG;Norte;Tombamento;1;1;;;;;1
21/11/2016;12:59:00;126;sem vítima;111,78;BR-050/GO;Sul;Tombamento;1;1;;;;;1
22/11/2016;15:42:00;150;com vítima;146,2;BR-050/MG;Sul;Colisão Traseira;2;0;1;;1;;2
24/11/2016;05:39:00;22;sem vítima;140,5;BR-050/GO;Sul;Saida de Pista;1;1;;;;;1
24/11/2016;14:01:00;149;sem vítima;271;BR-050/GO;Sul;Saida de Pista;1;2;;;;;1
26/11/2016;01:26:00;5;sem vítima;111,45;BR-050/GO;Norte;Saida de Pista;1;1;;;;;1
28/11/2016;05:36:00;20;com vítima;78,7;BR-050/MG;Sul;Choque - Veiculo parado na pista;1;1;;;1;;2
29/11/2016;03:21:00;11;sem vítima;133,3;BR-050/GO;Sul;Saida de Pista;1;1;;;;;1
29/11/2016;15:18:00;190;sem vítima;83;BR-050/MG;Sul;Carreta deu L;1;1;;;;;1
30/11/2016;22:57:00;261;com vítima;111,3;BR-050/GO;Sul;Choque - Barranco;1;0;;;;1;3
02/12/2016;01:01:00;6;com vítima;282;BR-050/GO;Sul;Atropelamento - Andarilho;1;3;;;1;;2
02/12/2016;01:34:00;7;sem vítima;167;BR-050/MG;Sul;Atropelamento de Animal;1;1;;;;;1
02/12/2016;09:08:00;110;sem vítima;29,75;BR-050/MG;Norte;Tombamento;1;1;;;;;1
02/12/2016;19:03:00;238;com vítima;310,5;BR-050/GO;Norte;Colisão Frontal;1;0;;1;1;2;3
04/12/2016;21:20:00;214;sem vítima;204,05;BR-050/MG;Sul;Tombamento;1;1;;;;;1
05/12/2016;02:35:00;19;com vítima;305,6;BR-050/GO;Norte;Choque - Barranco;1;0;;;;1;3
05/12/2016;06:32:00;35;com vítima;175,3;BR-050/MG;Sul;Colisão Lateral;1;1;;1;;;2
05/12/2016;12:21:00;124;sem vítima;121,8;BR-050/MG;Norte;Colisão Lateral;1;2;;;;;1
05/12/2016;22:00:00;228;com vítima;170;BR-050/MG;Sul;Colisão Traseira;1;1;;;1;;2
08/12/2016;05:58:00;19;com vítima;201,5;BR-050/MG;Norte;Colisão Traseira;2;1;;1;1;;2
08/12/2016;14:17:00;146;sem vítima;106;BR-050/GO;Norte;Tombamento;1;1;;;;;1
08/12/2016;19:02:00;212;com vítima;206,7;BR-050/GO;Norte;Colisão Frontal;1;0;1;;1;2;3
09/12/2016;06:39:00;35;sem vítima;64,3;BR-050/MG;Sul;Colisão Traseira;1;2;;;;;1
09/12/2016;17:49:00;177;sem vítima;85,5;BR-050/MG;Norte;Colisão Traseira;1;2;;;;;1
10/12/2016;12:17:00;123;sem vítima;273,5;BR-050/GO;Norte;Colisão Frontal;1;5;;;;;1
11/12/2016;13:04:00;104;sem vítima;137,6;BR-050/MG;Norte;Choque - Elemento de Drenagem;1;1;;;;;1
12/12/2016;22:25:00;281;com vítima;251,5;BR-050/GO;Sul;Colisão Transversal;1;1;1;1;;;2
13/12/2016;01:21:00;8;sem vítima;174;BR-050/GO;Norte;Choque - Arvore;1;1;;;;;1
13/12/2016;15:33:00;151;com vítima;305,9;BR-050/GO;Norte;Carreta deu L;1;0;;1;;;2
13/12/2016;16:30:00;163;sem vítima;54;BR-050/MG;Sul;Tombamento;1;1;;;;;1
14/12/2016;12:07:00;132;com vítima;80,94;BR-050/MG;Norte;Capotamento;1;2;;3;;;2
14/12/2016;17:41:00;177;sem vítima;2;BR-050/MG;Sul;Colisão Traseira;2;3;;;;;1
17/12/2016;15:20:00;145;com vítima;157;BR-050/MG;Norte;Colisão Lateral;1;2;2;;;;1
18/12/2016;00:23:00;2;sem vítima;266,7;BR-050/GO;Sul;Carreta deu L;1;1;;;;;1
19/12/2016;00:01:00;1;com vítima;17;BR-050/MG;Norte;Tombamento;1;0;1;;;;1
19/12/2016;12:42:00;131;sem vítima;171;BR-050/MG;Norte;Colisão Traseira;1;3;;;;;1
19/12/2016;23:16:00;271;sem vítima;204;BR-050/MG;Norte;Colisão Traseira;1;6;;;;;1
20/12/2016;22:04:00;267;sem vítima;204;BR-050/MG;Sul;Choque - Defensa, barreira ou meio fio;1;1;;;;;1
21/12/2016;16:06:00;158;com vítima;138,49;BR-050/MG;Sul;Colisão Traseira;1;1;;;1;;2
23/12/2016;00:06:00;2;sem vítima;133,4;BR-050/GO;Sul;Choque - Poste;1;1;;;;;1
23/12/2016;18:09:00;242;sem vítima;128,7;BR-050/MG;Norte;Colisão Traseira;1;3;;;;;1
26/12/2016;07:37:00;71;sem vítima;17,66;CONTORNO;Norte;Colisão Traseira;1;4;;;;;1
27/12/2016;17:50:00;181;sem vítima;180;BR-050/MG;Sul;Colisão Lateral;1;2;;;;;1
28/12/2016;07:27:00;60;sem vítima;104,7;BR-050/MG;Sul;Colisão Traseira;2;4;;;;;1
29/12/2016;01:41:00;5;sem vítima;184;BR-050/MG;Sul;Carreta deu L;1;1;;;;;1
30/12/2016;14:51:00;171;sem vítima;43;BR-050/MG;Norte;Colisão Traseira;1;3;;;;;1
30/12/2016;17:21:00;191;sem vítima;174,3;BR-050/MG;Norte;Tombamento;1;1;;;;;1
02/01/2017;04:49:00;20;com vítima;31,3;BR-050/MG;Sul;Colisão Traseira;1;2;;2;1;;2
04/01/2017;02:49:00;14;sem vítima;207;BR-050/GO;Sul;Colisão Transversal;2;3;;;;;1
05/01/2017;00:17:00;3;sem vítima;142,62;BR-050/MG;Sul;Colisão Traseira;1;3;;;;;1
06/01/2017;08:15:00;72;com vítima;280;BR-050/GO;Norte;Colisão Lateral;1;1;2;1;;;2
07/01/2017;16:45:00;131;sem vítima;279,67;BR-050/GO;Norte;Colisão Lateral;1;3;;;;;1
09/01/2017;03:21:00;13;sem vítima;8,8;BR-050/MG;Norte;Atropelamento de Animal;1;1;;;;;1
09/01/2017;22:20:00;240;com vítima;38,36;BR-050/MG;Sul;Colisão Traseira;1;1;;1;;;2
11/01/2017;06:35:00;27;sem vítima;192,1;BR-050/MG;Norte;Colisão Lateral;1;5;;;;;1