data;horario;n_da_ocorrencia;tipo_de_ocorrencia;km;trecho;sentido;tipo_de_acidente;caminhao;ilesos;levemente_feridos;moderadamente_feridos;gravemente_feridos;mortos;3
18/05/2018;18:15:00;185;sem vítima;240;BR-050/GO;Sul;Tombamento;1;1;;;;;1
18/05/2018;18:25:00;189;sem vítima;86;BR-050/MG;Norte;Saida de Pista;1;1;;;;;1
02/06/2018;06:54:00;23;com vítima;165,065;BR-050/GO;Norte;Capotamento;1;0;1;;;;1
03/06/2018;16:46:00;120;sem vítima;87,84;BR-050/MG;Sul;Colisão Traseira;1;5;;;;;1
04/06/2018;07:01:00;30;sem vítima;206,6;BR-050/GO;Sul;Colisão Traseira;1;2;;;;;1
05/06/2018;03:40:00;26;sem vítima;169,1;BR-050/MG;Sul;Atropelamento de Animal;1;1;;;;;1
06/06/2018;03:18:00;15;com vítima;198,3;BR-050/MG;Norte;Tombamento;1;0;1;;;;1
06/06/2018;13:04:00;121;sem vítima;282,3;BR-050/GO;Sul;Atropelamento de Animal;1;1;;;;;1
08/06/2018;17:41:00;180;sem vítima;193;BR-050/MG;Norte;Colisão Traseira;1;3;;;;;1
09/06/2018;04:09:00;23;sem vítima;166,6;BR-050/GO;Norte;Tombamento;1;1;;;;;1
09/06/2018;04:13:00;25;sem vítima;166,6;BR-050/GO;Norte;Saida de Pista;1;1;;;;;1
09/06/2018;05:15:00;27;com vítima;271,3;BR-050/GO;Norte;Colisão Frontal;1;1;;;;1;3
09/06/2018;08:12:00;48;sem vítima;190,9;BR-050/MG;Norte;Colisão Traseira;1;3;;;;;1
09/06/2018;12:06:00;86;sem vítima;179,05;BR-050/MG;Sul;Carreta deu L;1;1;;;;;1
10/06/2018;15:12:00;85;sem vítima;146,7;BR-050/MG;Sul;Saida de Pista;1;5;;;;;1
10/06/2018;20:43:00;145;com vítima;115,7;BR-050/MG;Sul;Colisão Transversal;1;1;;;;2;3
12/06/2018;21:03:00;225;sem vítima;116,1;BR-050/MG;Norte;Saida de Pista;1;1;;;;;1
13/06/2018;06:21:00;32;sem vítima;14,6;Contorno;Norte;Choque - Defensa, barreira ou meio fio;1;1;;;;;1
13/06/2018;21:13:00;209;sem vítima;173,5;BR-050/MG;Sul;Colisão Lateral;2;2;;;;;1
14/06/2018;22:58:00;207;sem vítima;292;BR-050/GO;Norte;Colisão Traseira;2;2;;;;;1
15/06/2018;07:22:00;33;sem vítima;172,61;BR-050/MG;Sul;Colisão Lateral;1;5;;;;;1
15/06/2018;19:45:00;192;sem vítima;115,9;BR-050/MG;Sul;Saida de Pista;1;2;;;;;1
16/06/2018;06:11:00;20;com vítima;109,8;BR-050/MG;Norte;Choque - Arvore;1;0;;1;;;2
18/06/2018;23:39:00;214;sem vítima;195,1;BR-050/GO;Sul;Colisão Traseira;1;7;;;;;1
24/06/2018;04:58:00;19;sem vítima;56;BR-050/MG;Sul;Atropelamento de Animal;1;1;;;;;1
24/06/2018;14:51:00;101;com vítima;80,7;BR-050/MG;Sul;Colisão Traseira;1;1;1;;;;1
25/06/2018;15:38:00;151;com vítima;279,455;BR-050/GO;Sul;Colisão Frontal;1;1;;;2;;2
26/06/2018;05:23:00;26;com vítima;162,1;BR-050/MG;Norte;Tombamento;1;0;1;;;;1
26/06/2018;09:19:00;79;sem vítima;28,5;BR-050/MG;Sul;Carreta deu L;1;1;;;;;1
27/06/2018;09:33:00;84;com vítima;249,8;BR-050/GO;Norte;Colisão Traseira;2;1;1;;;;1
27/06/2018;13:12:00;132;sem vítima;305,3;BR-050/GO;Sul;Colisão Lateral;1;4;;;;;1
27/06/2018;19:14:00;193;sem vítima;98,5;BR-050/MG;Sul;Choque - Objeto sobre a pista;1;5;;;;;1
28/06/2018;12:07:00;129;com vítima;3,8;Contorno;Norte;Colisão Lateral;1;1;;1;;;2
28/06/2018;14:05:00;152;com vítima;109,1;BR-050/GO;Norte;Tombamento;1;0;1;;;;1
28/06/2018;18:14:00;191;sem vítima;180;BR-050/MG;Sul;Colisão Lateral;1;2;;;;;1
29/06/2018;11:31:00;120;com vítima;273,44;BR-050/GO;Sul;Colisão Transversal;1;4;6;1;;;2
29/06/2018;15:01:00;153;com vítima;200,069;BR-050/GO;Sul;Colisão Traseira;2;2;1;;;;1
29/06/2018;22:00:00;222;sem vítima;271,09;BR-050/GO;Sul;Tombamento;2;4;;;;;1
30/06/2018;06:42:00;30;sem vítima;136,18;BR-050/MG;Norte;Choque - Elemento de Drenagem;1;4;;;;;1
02/07/2018;19:07:00;202;sem vítima;178,5;BR-050/MG;Norte;Colisão Lateral;1;4;;;;;1
02/07/2018;21:59:00;224;com vítima;168,1;BR-050/MG;Norte;Colisão Traseira;2;1;;1;;;2
03/07/2018;06:30:00;34;com vítima;142,43;BR-050/GO;Sul;Capotamento;1;0;4;;;;1
04/07/2018;20:38:00;206;com vítima;99;BR-050/GO;Sul;Colisão Frontal;1;1;2;2;;;2
05/07/2018;14:38:00;164;sem vítima;59,3;BR-050/MG;Sul;Colisão Traseira;1;2;;;;;1
05/07/2018;20:35:00;233;sem vítima;85;BR-050/MG;Sul;Colisão Lateral;1;5;;;;;1
06/07/2018;00:27:00;3;com vítima;143,5;BR-050/GO;Sul;Choque - Defensa, barreira ou meio fio;1;0;1;;;;1
06/07/2018;18:49:00;193;sem vítima;10,05;Contorno;Norte;Atropelamento de Animal;1;1;;;;;1
06/07/2018;23:06:00;236;com vítima;51;BR-050/MG;Norte;Colisão Traseira;2;3;;1;;;2
07/07/2018;00:13:00;1;com vítima;79;BR-050/MG;Norte;Colisão Traseira;2;1;1;;;;1
08/07/2018;11:18:00;53;sem vítima;191,9;BR-050/MG;Norte;Colisão Transversal;1;2;;;;;1
09/07/2018;11:35:00;104;sem vítima;35,9;BR-050/MG;Norte;Colisão Traseira;1;5;;;;;1
11/07/2018;22:31:00;219;com vítima;147,45;BR-050/MG;Sul;Tombamento;3;47;2;;;;1
12/07/2018;07:07:00;38;sem vítima;14;BR-050/MG;Norte;Colisão Traseira;1;6;;;;;1
17/07/2018;11:50:00;103;sem vítima;105;BR-050/MG;Norte;Colisão Traseira;2;2;;;;;1
17/07/2018;15:35:00;161;sem vítima;196,68;BR-050/MG;Norte;Colisão Lateral;2;2;;;;;1
18/07/2018;19:51:00;201;sem vítima;51,8;BR-050/MG;Sul;Colisão Lateral;2;2;;;;;1
19/07/2018;08:05:00;53;sem vítima;37,7;BR-050/MG;Norte;Choque - Elemento de Drenagem;1;2;;;;;1
19/07/2018;09:41:00;91;sem vítima;47;BR-050/MG;Sul;Colisão Lateral;1;2;;;;;1
20/07/2018;17:50:00;185;com vítima;168,5;BR-050/MG;Sul;Saida de Pista;1;1;5;;;;1
20/07/2018;18:40:00;192;sem vítima;23,08;BR-050/MG;Sul;Choque - Elemento de Drenagem;1;5;;;;;1
21/07/2018;09:24:00;76;sem vítima;52,1;BR-050/MG;Sul;Saida de Pista;1;1;;;;;1
22/07/2018;15:03:00;106;com vítima;29,7;BR-050/MG;Norte;Tombamento;1;0;;1;;;2
22/07/2018;17:39:00;144;sem vítima;44,1;BR-050/MG;Sul;Objeto lançado contra veículo;1;3;;;;;1
23/07/2018;05:25:00;25;com vítima;97,6;BR-050/GO;Norte;Colisão Traseira;2;0;2;;;;1
24/07/2018;09:45:00;84;com vítima;133,2;BR-050/MG;Sul;Tombamento;1;0;1;;;;1
24/07/2018;11:46:00;111;com vítima;245,9;BR-050/GO;Sul;Colisão Transversal;1;2;1;2;;;2
24/07/2018;12:24:00;117;com vítima;9,1;Contorno;Sul;Colisão Transversal;2;2;1;1;;;2
24/07/2018;14:41:00;139;sem vítima;166,4;BR-050/GO;Sul;Saida de Pista;1;3;;;;;1
27/07/2018;05:40:00;23;com vítima;57,4;BR-050/MG;Sul;Colisão Traseira;1;1;1;;;;1
28/07/2018;06:02:00;21;com vítima;205,3;BR-050/MG;Sul;Capotamento;1;1;;2;;;2
29/07/2018;11:34:00;68;com vítima;59;BR-050/MG;Sul;Colisão Traseira;2;1;1;;;;1
29/07/2018;21:41:00;182;sem vítima;306,6;BR-050/GO;Sul;Saida de Pista;1;1;;;;;1
31/07/2018;10:08:00;80;sem vítima;211,31;BR-050/GO;Sul;Choque - Arvore;1;1;;;;;1
31/07/2018;14:33:00;130;com vítima;58,5;BR-050/MG;Norte;Colisão Traseira;1;1;1;;;;1
31/07/2018;16:06:00;143;sem vítima;1,9;Contorno;Norte;Choque - Suporte de Sinalização;1;1;;;;;1
31/07/2018;23:10:00;201;sem vítima;27,3;BR-050/MG;Sul;Choque - Defensa, barreira ou meio fio;1;1;;;;;1
01/08/2018;00:21:00;2;sem vítima;172;BR-050/MG;Sul;Tombamento;1;1;;;;;1
03/08/2018;07:38:00;45;com vítima;15,34;BR-050/MG;Norte;Tombamento;1;0;1;;;;1
04/08/2018;07:17:00;34;sem vítima;198;BR-050/MG;Norte;Colisão Traseira;1;5;;;;;1
04/08/2018;18:12:00;132;com vítima;100,7;BR-050/GO;Norte;Carreta deu L;1;0;1;;;;1
04/08/2018;23:28:00;172;com vítima;313,45;BR-050/GO;Norte;Atropelamento - Andarilho;1;0;1;;;1;3
05/08/2018;05:56:00;24;sem vítima;106,12;BR-050/GO;Norte;Tombamento;1;2;;;;;1
05/08/2018;19:31:00;118;sem vítima;271,6;BR-050/GO;Sul;Choque - Elemento de Drenagem;1;2;;;;;1
06/08/2018;12:17:00;104;sem vítima;280,6;BR-050/GO;Sul;Colisão Lateral;1;4;;;;;1
06/08/2018;21:05:00;193;com vítima;136,15;BR-050/MG;Sul;Colisão Traseira;1;1;;1;;;2
07/08/2018;09:00:00;58;sem vítima;186,3;BR-050/MG;Sul;Colisão Lateral;2;2;;;;;1
07/08/2018;17:19:00;152;com vítima;97,134;BR-050/GO;Norte;Colisão Transversal;1;1;;;1;1;3
09/08/2018;05:27:00;19;sem vítima;83,6;BR-050/MG;Sul;Colisão Traseira;1;2;;;;;1
10/08/2018;18:04:00;178;sem vítima;137,6;BR-050/MG;Sul;Colisão Traseira;1;4;;;;;1
10/08/2018;23:31:00;236;sem vítima;63,6;BR-050/MG;Sul;Colisão Traseira;1;2;;;;;1
11/08/2018;23:21:00;197;com vítima;178,6;BR-050/MG;Sul;Colisão Traseira;2;0;2;;;;1
12/08/2018;13:46:00;80;com vítima;79,44;BR-050/MG;Norte;Colisão Lateral;1;1;;1;;;2
13/08/2018;08:25:00;54;com vítima;131,92;BR-050/MG;Norte;Colisão Traseira;2;2;;1;;;2
13/08/2018;10:23:00;68;sem vítima;197,84;BR-050/MG;Norte;Colisão Traseira;2;3;;;;;1
13/08/2018;18:09:00;151;com vítima;241,7;BR-050/GO;Norte;Tombamento;1;1;;1;;;2
14/08/2018;16:50:00;163;sem vítima;151,52;BR-050/GO;Norte;Saida de Pista;1;2;;;;;1
15/08/2018;07:48:00;44;sem vítima;116,3;BR-050/MG;Norte;Saida de Pista;1;1;;;;;1
17/08/2018;04:46:00;23;sem vítima;124,8;BR-050/GO;Norte;Choque - Elemento de Drenagem;1;1;;;;;1
17/08/2018;15:59:00;107;com vítima;192,8;BR-050/MG;Sul;Colisão Traseira;2;1;1;;;;1
18/08/2018;19:46:00;186;sem vítima;148,4;BR-050/MG;Sul;Saida de Pista;1;3;;;;;1
23/08/2018;07:45:00;51;sem vítima;13,7;BR-050/MG;Norte;Colisão Traseira;2;2;;;;;1
23/08/2018;16:23:00;166;sem vítima;105,85;BR-050/MG;Sul;Colisão Traseira;1;2;;;;;1
23/08/2018;21:43:00;233;sem vítima;86,05;BR-050/MG;Norte;Colisão Lateral;1;3;;;;;1
24/08/2018;17:43:00;181;sem vítima;165,8;BR-050/MG;Norte;Colisão Lateral;1;2;;;;;1
25/08/2018;07:46:00;36;com vítima;128,1;BR-050/MG;Norte;Colisão Traseira;2;3;;1;;;2
27/08/2018;16:23:00;149;sem vítima;51;BR-050/MG;Norte;Colisão Traseira;1;2;;;;;1
29/08/2018;23:14:00;190;sem vítima;93,8;BR-050/MG;Sul;Tombamento;1;1;;;;;1
30/08/2018;18:41:00;157;com vítima;296;BR-050/GO;Sul;Colisão Traseira;1;1;1;;;;1
30/08/2018;21:02:00;182;com vítima;122;BR-050/MG;Norte;Tombamento;1;0;1;;;;1
31/08/2018;08:30:00;58;sem vítima;58,15;BR-050/MG;Norte;Choque - Suporte de Sinalização;1;1;;;;;1
01/09/2018;17:10:00;137;com vítima;154,8;BR-050/GO;Norte;Colisão Traseira;1;2;1;;;;1
03/09/2018;12:10:00;105;sem vítima;198;BR-050/MG;Norte;Colisão Traseira;2;4;;;;;1
04/09/2018;08:50:00;74;sem vítima;135,05;BR-050/GO;Sul;Tombamento;1;1;;;;;1
05/09/2018;00:41:00;5;sem vítima;204,8;BR-050/GO;Sul;Colisão Transversal;2;2;;;;;1
05/09/2018;08:39:00;58;com vítima;30,2;BR-050/MG;Norte;Tombamento;1;0;2;;;;1
05/09/2018;10:02:00;80;sem vítima;0;BR-050/MG;Norte;Colisão Traseira;2;2;;;;;1
05/09/2018;18:58:00;175;sem vítima;127,2;BR-050/MG;Norte;Colisão Traseira;2;2;;;;;1
06/09/2018;06:32:00;38;com vítima;27,78;BR-050/MG;Sul;Choque - Defensa, barreira ou meio fio;1;0;;1;;;2
06/09/2018;19:59:00;196;sem vítima;106,5;BR-050/MG;Norte;Colisão Lateral;1;5;;;;;1
06/09/2018;20:49:00;204;sem vítima;182,8;BR-050/MG;Sul;Choque - Defensa, barreira ou meio fio;1;1;;;;;1
07/09/2018;13:19:00;143;sem vítima;144;BR-050/GO;Sul;Colisão Traseira;1;2;;;;;1
08/09/2018;11:08:00;81;com vítima;121,6;BR-050/GO;Norte;Capotamento;1;0;;3;;;2
08/09/2018;17:26:00;130;sem vítima;307;BR-050/GO;Sul;Tombamento;1;1;;;;;1
10/09/2018;07:06:00;33;com vítima;253,1;BR-050/GO;Norte;Objeto lançado contra veículo;1;1;2;;;;1
10/09/2018;13:23:00;120;com vítima;255;BR-050/GO;Norte;Choque - Veiculo parado no acostamento;1;4;1;;;;1
10/09/2018;21:38:00;209;sem vítima;267,8;BR-050/GO;Sul;Colisão Transversal;1;4;;;;;1
11/09/2018;18:17:00;198;sem vítima;118,8;BR-050/MG;Norte;Colisão Traseira;2;3;;;;;1
14/09/2018;15:24:00;156;com vítima;135;BR-050/MG;Norte;Tombamento;1;0;1;;;;1
18/09/2018;16:54:00;140;sem vítima;136,4;BR-050/MG;Norte;Choque - Arvore;1;1;;;;;1
18/09/2018;17:05:00;144;com vítima;280,6;BR-050/GO;Sul;Colisão Transversal;1;1;;;1;;2
20/09/2018;08:16:00;51;sem vítima;243,96;BR-050/GO;Sul;Choque - Talude;2;2;;;;;1
23/09/2018;15:04:00;132;com vítima;190,5;BR-050/MG;Norte;Colisão Traseira;2;1;;1;;;2
24/09/2018;10:18:00;111;sem vítima;13,75;BR-050/MG;Norte;Colisão Lateral;1;3;;;;;1
24/09/2018;17:56:00;238;com vítima;270;BR-050/GO;Norte;Colisão Lateral;1;1;1;;;;1
24/09/2018;19:01:00;246;sem vítima;245;BR-050/GO;Norte;Choque - Poste;1;1;;;;;1
24/09/2018;21:31:00;275;sem vítima;10,7;BR-050/MG;Sul;Choque - Elemento de Drenagem;1;1;;;;;1
25/09/2018;01:26:00;9;com vítima;99,5;BR-050/MG;Sul;Colisão Traseira;1;42;6;;;;1
25/09/2018;17:52:00;195;com vítima;28,58;BR-050/MG;Norte;Tombamento;1;0;1;;;;1
25/09/2018;19:54:00;219;com vítima;79,6;BR-050/MG;Sul;Tombamento;1;0;1;;;;1
26/09/2018;12:59:00;149;com vítima;105;BR-050/MG;Sul;Colisão Traseira;1;3;2;;;;1
26/09/2018;21:29:00;268;com vítima;158,54;BR-050/MG;Norte;Colisão Traseira;1;1;;2;;;2
28/09/2018;09:12:00;57;sem vítima;165,2;BR-050/MG;Sul;Colisão Traseira;1;4;;;;;1
28/09/2018;18:56:00;179;sem vítima;283;BR-050/GO;Sul;Colisão Lateral;1;2;;;;;1
29/09/2018;00:40:00;4;sem vítima;281,3;BR-050/GO;Sul;Colisão Transversal;2;2;;;;;1
30/09/2018;16:53:00;128;sem vítima;92,44;BR-050/MG;Sul;Colisão Traseira;1;3;;;;;1
30/09/2018;18:57:00;151;com vítima;101,3;BR-050/GO;Norte;Colisão Traseira;1;1;;1;3;;2
30/09/2018;19:46:00;160;sem vítima;102,2;BR-050/GO;Norte;Colisão Traseira;2;2;;;;;1
01/10/2018;18:08:00;175;com vítima;93,2;BR-050/MG;Norte;Colisão Traseira;1;1;1;;;;1
04/10/2018;13:39:00;127;sem vítima;269,96;BR-050/GO;Norte;Colisão Lateral;1;2;;;;;1
04/10/2018;17:37:00;168;sem vítima;117,7;BR-050/GO;Sul;Colisão Lateral;1;7;;;;;1
05/10/2018;07:11:00;46;sem vítima;174,7;BR-050/MG;Norte;Tombamento;1;1;;;;;1
06/10/2018;15:33:00;172;sem vítima;23,3;BR-050/MG;Norte;Tombamento;1;1;;;;;1
08/10/2018;23:00:00;240;sem vítima;98,7;BR-050/MG;Sul;Colisão Traseira;2;2;;;;;1
09/10/2018;10:55:00;88;sem vítima;278;BR-050/GO;Norte;Choque - Defensa, barreira ou meio fio;2;2;;;;;1
10/10/2018;06:14:00;34;sem vítima;10,69;BR-050/MG;Norte;Choque - Talude;1;1;;;;;1
11/10/2018;11:04:00;108;sem vítima;56,2;BR-050/MG;Norte;Tombamento;1;1;;;;;1
12/10/2018;10:31:00;111;sem vítima;30,7;BR-050/MG;Norte;Choque - Elemento de Drenagem;1;2;;;;;1
16/10/2018;03:31:00;23;sem vítima;133,4;BR-050/GO;Sul;Tombamento;1;1;;;;;1
17/10/2018;15:19:00;180;com vítima;153,7;BR-050/GO;Norte;Capotamento;1;0;2;3;;;2
18/10/2018;15:07:00;188;sem vítima;176,5;BR-050/MG;Norte;Colisão Lateral;2;3;;;;;1
18/10/2018;15:10:00;189;sem vítima;177;BR-050/MG;Norte;Colisão Lateral;1;2;;;;;1
18/10/2018;15:35:00;196;com vítima;171,1;BR-050/MG;Sul;Colisão Traseira;2;1;1;;;;1
19/10/2018;19:27:00;216;sem vítima;157,5;BR-050/MG;Sul;Colisão Lateral;1;2;;;;;1
20/10/2018;03:33:00;20;sem vítima;109,219;BR-050/GO;Norte;Tombamento;1;1;;;;;1
21/10/2018;21:16:00;190;com vítima;278;BR-050/GO;Sul;Colisão Transversal;1;2;1;1;;;2
22/10/2018;06:47:00;49;sem vítima;265;BR-050/GO;Norte;Colisão Lateral;1;31;;;;;1
22/10/2018;07:02:00;52;com vítima;27,8;BR-050/MG;Sul;Tombamento;1;0;1;1;;;2
22/10/2018;09:31:00;86;sem vítima;179,1;BR-050/MG;Sul;Colisão Lateral;1;4;;;;;1
23/10/2018;05:17:00;30;com vítima;229,815;BR-050/GO;Norte;Colisão Transversal;1;0;1;;;3;3
23/10/2018;14:16:00;108;com vítima;278,6;BR-050/GO;Sul;Colisão Transversal;2;1;1;;;;1
24/10/2018;09:13:00;81;sem vítima;148,05;BR-050/MG;Sul;Colisão Lateral;1;2;;;;;1
24/10/2018;10:59:00;102;sem vítima;0;Contorno;Sul;Tombamento;1;1;;;;;1
24/10/2018;18:22:00;195;com vítima;158,48;BR-050/MG;Sul;Tombamento;1;0;1;;;;1
25/10/2018;03:52:00;26;com vítima;58,54;BR-050/MG;Sul;Tombamento;1;1;2;;;;1
25/10/2018;04:29:00;32;sem vítima;58,54;BR-050/MG;Norte;Saida de Pista;1;2;;;;;1
25/10/2018;07:19:00;45;sem vítima;58,88;BR-050/MG;Norte;Saida de Pista;1;1;;;;;1
25/10/2018;08:25:00;58;sem vítima;80,85;BR-050/MG;Sul;Saida de Pista;1;1;;;;;1
25/10/2018;18:58:00;205;com vítima;192,8;BR-050/MG;Sul;Tombamento;3;0;3;;;;1
25/10/2018;20:50:00;216;com vítima;54,6;BR-050/MG;Sul;Tombamento;1;0;1;;;;1
26/10/2018;06:06:00;29;com vítima;305,75;BR-050/GO;Sul;Colisão Traseira;2;1;2;;;;1
27/10/2018;00:19:00;10;sem vítima;188,2;BR-050/GO;Norte;Tombamento;1;1;;;;;1
27/10/2018;05:18:00;34;com vítima;183,3;BR-050/MG;Norte;Colisão Traseira;1;1;2;2;;;2
27/10/2018;05:38:00;40;sem vítima;172,1;BR-050/GO;Sul;Saida de Pista;1;1;;;;;1
27/10/2018;15:30:00;141;com vítima;154;BR-050/GO;Sul;Tombamento;1;0;1;;;;1
28/10/2018;00:25:00;10;sem vítima;203,9;BR-050/MG;Norte;Colisão Traseira;1;55;;;;;1
29/10/2018;10:03:00;95;sem vítima;157,2;BR-050/MG;Sul;Colisão Traseira;2;2;;;;;1
30/10/2018;07:29:00;53;sem vítima;21;Contorno;Sul;Colisão Traseira;1;2;;;;;1
31/10/2018;05:31:00;36;com vítima;286;BR-050/GO;Norte;Colisão Traseira;1;6;1;;;;1
01/11/2018;08:27:00;50;com vítima;239,65;BR-050/GO;Norte;Colisão Frontal;2;1;;1;;;2
01/11/2018;15:28:00;134;com vítima;17,45;Contorno;Sul;Colisão Traseira;1;1;;1;;;2
01/11/2018;21:45:00;199;com vítima;96,2;BR-050/MG;Norte;Colisão Traseira;2;1;;1;;;2
03/11/2018;22:07:00;189;sem vítima;86,1;BR-050/MG;Sul;Saida de Pista;1;1;;;;;1
04/11/2018;15:03:00;74;sem vítima;22,52;BR-050/MG;Norte;Choque - Defensa, barreira ou meio fio;1;1;;;;;1
05/11/2018;05:50:00;25;sem vítima;116,3;BR-050/MG;Norte;Tombamento;1;2;;;;;1
05/11/2018;09:35:00;65;com vítima;171;BR-050/MG;Norte;Tombamento;1;0;;2;;;2
05/11/2018;14:24:00;114;com vítima;191,8;BR-050/GO;Sul;Colisão Traseira;1;1;;;;1;3
06/11/2018;01:02:00;16;com vítima;253,5;BR-050/GO;Sul;Choque - Arvore;1;0;1;;;;1
06/11/2018;17:07:00;154;sem vítima;280,6;BR-050/GO;Sul;Colisão Transversal;1;2;;;;;1
06/11/2018;22:11:00;196;sem vítima;20,7;BR-050/MG;Sul;Colisão Traseira;1;2;;;;;1
09/11/2018;00:08:00;8;sem vítima;187,72;BR-050/MG;Sul;Choque - Arvore;1;1;;;;;1
09/11/2018;00:11:00;11;com vítima;34,92;BR-050/MG;Sul;Tombamento;1;0;1;;;;1
09/11/2018;02:24:00;26;sem vítima;105,95;BR-050/GO;Norte;Saida de Pista;1;1;;;;;1
09/11/2018;21:46:00;187;sem vítima;157,3;BR-050/MG;Norte;Choque - Elemento de Drenagem;1;1;;;;;1
10/11/2018;05:10:00;48;sem vítima;112,8;BR-050/GO;Norte;Tombamento;1;1;;;;;1
10/11/2018;10:49:00;93;sem vítima;153,8;BR-050/MG;Sul;Colisão Traseira;1;2;;;;;1
13/11/2018;07:01:00;38;sem vítima;178;BR-050/MG;Norte;Colisão Traseira;1;2;;;;;1
13/11/2018;07:17:00;39;sem vítima;194,8;BR-050/GO;Norte;Saida de Pista;1;1;;;;;1
13/11/2018;08:01:00;50;sem vítima;137;BR-050/GO;Norte;Choque - Poste;1;1;;;;;1
14/11/2018;04:38:00;25;com vítima;16,995;BR-050/MG;Norte;Choque - Talude;1;0;1;;;;1
14/11/2018;13:32:00;133;sem vítima;11,1;Contorno;Sul;Saida de Pista;1;5;;;;;1
15/11/2018;11:48:00;123;com vítima;181;BR-050/MG;Norte;Colisão Lateral;1;1;1;;;;1
15/11/2018;21:55:00;231;sem vítima;116,4;BR-050/MG;Sul;Choque - Elemento de Drenagem;1;1;;;;;1
16/11/2018;14:07:00;108;com vítima;221,3;BR-050/GO;Sul;Colisão Traseira;1;1;;1;;;2
18/11/2018;11:40:00;72;sem vítima;61;BR-050/MG;Norte;Colisão Lateral;1;5;;;;;1
18/11/2018;19:55:00;165;com vítima;14,8;Contorno;Sul;Tombamento;1;0;;;;1;3
19/11/2018;18:55:00;181;com vítima;1;BR-050/MG;Sul;Tombamento;1;0;1;;;;1
20/11/2018;00:06:00;1;sem vítima;179;BR-050/MG;Norte;Choque - Obstáculo Fixo;1;1;;;;;1
20/11/2018;08:04:00;44;sem vítima;39;BR-050/MG;Norte;Choque - Veiculo parado na pista;2;2;;;;;1
20/11/2018;12:44:00;96;sem vítima;306,6;BR-050/GO;Sul;Saida de Pista;1;2;;;;;1
21/11/2018;09:25:00;65;sem vítima;32;BR-050/MG;Norte;Colisão Lateral;1;3;;;;;1
22/11/2018;04:05:00;31;com vítima;307;BR-050/GO;Sul;Colisão Frontal;1;2;;2;;;2
22/11/2018;05:36:00;36;sem vítima;81,2;BR-050/MG;Sul;Atropelamento de Animal;1;1;;;;;1
23/11/2018;15:18:00;177;sem vítima;200,1;BR-050/GO;Sul;Saida de Pista;1;1;;;;;1
25/11/2018;13:40:00;87;sem vítima;314;BR-050/GO;Norte;Colisão Traseira;1;2;;;;;1
26/11/2018;12:06:00;125;sem vítima;3,92;BR-050/MG;Sul;Colisão Traseira;1;3;;;;;1
27/11/2018;07:50:00;51;sem vítima;136,2;BR-050/GO;Norte;Colisão Traseira;2;2;;;;;1
27/11/2018;18:53:00;204;sem vítima;306;BR-050/GO;Sul;Choque - Arvore;1;2;;;;;1
27/11/2018;21:14:00;226;com vítima;118,3;BR-050/MG;Norte;Colisão Traseira;2;1;2;;;;1
28/11/2018;02:42:00;22;sem vítima;3,9;BR-050/MG;Sul;Choque - Elemento de Drenagem;1;1;;;;;1
28/11/2018;20:40:00;188;com vítima;171,2;BR-050/MG;Norte;Colisão Traseira;1;1;1;;;;1
29/11/2018;20:08:00;202;com vítima;119;BR-050/MG;Norte;Tombamento;1;0;1;;;;1
29/11/2018;23:25:00;228;sem vítima;2,9;BR-050/MG;Sul;Colisão Traseira;2;2;;;;;1
30/11/2018;01:17:00;11;com vítima;260,7;BR-050/GO;Norte;Saida de Pista;1;0;1;;;;1
30/11/2018;20:30:00;208;com vítima;52,6;BR-050/MG;Norte;Colisão Traseira;1;1;1;;;;1
01/12/2018;03:19:00;19;com vítima;136,3;BR-050/GO;Sul;Capotamento;1;0;;1;;;2
01/12/2018;06:24:00;34;sem vítima;158;BR-050/MG;Norte;Colisão Lateral;2;2;;;;;1
02/12/2018;23:19:00;157;com vítima;106,25;BR-050/GO;Norte;Tombamento;1;0;1;;;;1
03/12/2018;13:55:00;112;sem vítima;279,05;BR-050/GO;Sul;Colisão Lateral;1;2;;;;;1
04/12/2018;12:53:00;126;com vítima;133,1;BR-050/GO;Sul;Choque - Obstáculo Fixo;1;0;1;;;;1
04/12/2018;19:53:00;188;sem vítima;157,2;BR-050/MG;Sul;Colisão Lateral;1;2;;;;;1
06/12/2018;04:36:00;24;sem vítima;84,1;BR-050/MG;Sul;Colisão Lateral;2;2;;;;;1
06/12/2018;10:30:00;82;com vítima;270,94;BR-050/GO;Norte;Tombamento;1;0;1;;;;1
08/12/2018;23:29:00;219;sem vítima;167,7;BR-050/GO;Norte;Tombamento;1;1;;;;;1
09/12/2018;17:12:00;121;sem vítima;157,27;BR-050/MG;Norte;Tombamento;1;2;;;;;1
10/12/2018;21:44:00;197;sem vítima;175,3;BR-050/MG;Sul;Colisão Traseira;1;2;;;;;1