data;horario;n_da_ocorrencia;tipo_de_ocorrencia;km;trecho;sentido;tipo_de_acidente;caminhao;ilesos;levemente_feridos;moderadamente_feridos;gravemente_feridos;mortos;3
12/12/2018;12:01:00;114;sem vítima;95,98;BR-050/MG;Sul;Colisão Traseira;1;3;;;;;1
12/12/2018;22:47:00;228;sem vítima;185,5;BR-050/GO;Norte;Choque - Suporte de Sinalização;1;1;;;;;1
13/12/2018;18:11:00;186;sem vítima;138,3;BR-050/MG;Sul;Carreta deu L;1;1;;;;;1
13/12/2018;22:01:00;223;com vítima;196,7;BR-050/MG;Norte;Colisão Lateral;2;0;2;;;;1
14/12/2018;01:33:00;21;sem vítima;173;BR-050/MG;Sul;Colisão Lateral;2;4;;;;;1
15/12/2018;21:43:00;215;com vítima;170,84;BR-050/MG;Norte;Colisão Traseira;1;1;;1;;;2
16/12/2018;21:08:00;178;sem vítima;153;BR-050/MG;Sul;Saida de Pista;1;1;;;;;1
18/12/2018;15:51:00;152;com vítima;82,3;BR-050/MG;Norte;Colisão Traseira;1;1;2;;;;1
19/12/2018;06:00:00;34;com vítima;165,1;BR-050/GO;Norte;Capotamento;1;0;;1;;;2
19/12/2018;07:16:00;42;sem vítima;273,5;BR-050/GO;Sul;Colisão Transversal;1;2;;;;;1
20/12/2018;06:32:00;42;com vítima;131,6;BR-050/MG;Norte;Colisão Traseira;2;3;1;;;;1
20/12/2018;12:19:00;116;sem vítima;57,356;BR-050/MG;Norte;Colisão Traseira;2;2;;;;;1
20/12/2018;18:55:00;199;sem vítima;179,9;BR-050/MG;Sul;Colisão Traseira;1;2;;;;;1
21/12/2018;00:59:00;17;sem vítima;102,04;BR-050/MG;Norte;Choque - Defensa, barreira ou meio fio;1;1;;;;;1
23/12/2018;09:31:00;71;sem vítima;96,3;BR-050/GO;Sul;Colisão Lateral;1;2;;;;;1
25/12/2018;14:22:00;68;sem vítima;157;BR-050/MG;Norte;Colisão Transversal;1;6;;;;;1
27/12/2018;00:15:00;9;sem vítima;178,8;BR-050/MG;Norte;Tombamento;1;1;;;;;1
28/12/2018;23:03:00;210;com vítima;104,04;BR-050/MG;Sul;Colisão Traseira;1;1;;1;;;2
30/12/2018;03:40:00;19;sem vítima;45,9;BR-050/MG;Norte;Choque - Defensa, barreira ou meio fio;1;1;;;;;1
04/02/2019;05:51:00;23;sem vítima;116,9;BR-050/GO;Norte;Colisão Traseira;2;2;;;;;1
04/02/2019;14:43:00;115;com vítima;61,65;BR-050/MG;Sul;Choque - Arvore;1;0;1;;;;1
04/02/2019;17:33:00;140;sem vítima;51;BR-050/MG;Sul;Colisão Traseira;1;2;;;;;1
04/02/2019;21:04:00;174;sem vítima;106;BR-050/GO;Norte;Tombamento;1;1;;;;;1
05/02/2019;17:19:00;149;com vítima;148,2;BR-050/MG;Sul;Tombamento;1;0;1;;;;1
06/02/2019;17:07:00;143;sem vítima;102,9;BR-050/GO;Sul;Colisão Lateral;1;3;;;;;1
08/02/2019;13:42:00;119;com vítima;101;BR-050/MG;Sul;Colisão Transversal;1;2;3;;;;1
09/02/2019;17:04:00;138;sem vítima;51;BR-050/MG;Sul;Colisão Traseira;1;6;;;;;1
10/02/2019;09:40:00;54;com vítima;239,5;BR-050/GO;Sul;Tombamento;1;0;1;;;;1
11/02/2019;14:40:00;122;sem vítima;45,034;BR-050/MG;Norte;Colisão Lateral;2;2;;;;;1
11/02/2019;21:14:00;191;com vítima;92,2;BR-050/MG;Sul;Colisão Traseira;2;3;2;;;;1
12/02/2019;07:53:00;41;sem vítima;31,77;BR-050/MG;Sul;Tombamento;1;1;;;;;1
12/02/2019;11:02:00;87;sem vítima;178,5;BR-050/MG;Norte;Tombamento;1;2;;;;;1
13/02/2019;11:10:00;104;sem vítima;172,7;BR-050/MG;Norte;Colisão Lateral;1;3;;;;;1
13/02/2019;13:33:00;127;sem vítima;81,16;BR-050/MG;Norte;Colisão Traseira;1;2;;;;;1
13/02/2019;19:57:00;194;com vítima;15;Contorno;Norte;Tombamento;1;0;1;;;;1
14/02/2019;14:03:00;121;sem vítima;204,35;BR-050/GO;Sul;Colisão Traseira;1;5;;;;;1
14/02/2019;15:33:00;137;sem vítima;157;BR-050/MG;Norte;Choque - Veiculo parado na pista;1;2;;;;;1
15/02/2019;04:44:00;30;sem vítima;14,014;BR-050/MG;Sul;Colisão Traseira;2;2;;;;;1
15/02/2019;06:52:00;37;sem vítima;166,76;BR-050/MG;Norte;Saida de Pista;1;3;;;;;1
16/02/2019;06:37:00;26;sem vítima;135,8;BR-050/MG;Sul;Saida de Pista;1;1;;;;;1
17/02/2019;05:17:00;20;sem vítima;273,5;BR-050/GO;Norte;Tombamento;1;1;;;;;1
17/02/2019;05:39:00;21;sem vítima;273,3;BR-050/GO;Sul;Colisão Traseira;1;3;;;;;1
17/02/2019;19:30:00;132;sem vítima;9,3;Contorno;Norte;Atropelamento de Animal;1;1;;;;;1
19/02/2019;10:08:00;82;sem vítima;0;Contorno;Sul;Tombamento;1;1;;;;;1
19/02/2019;22:26:00;176;com vítima;83,95;BR-050/MG;Sul;Colisão Traseira;2;2;;1;;;2
20/02/2019;21:23:00;192;sem vítima;206,3;BR-050/GO;Norte;Saida de Pista;1;1;;;;;1
21/02/2019;02:59:00;26;sem vítima;243,3;BR-050/GO;Norte;Choque - Elemento de Drenagem;1;2;;;;;1
21/02/2019;03:29:00;28;com vítima;191;BR-050/MG;Norte;Colisão Traseira;2;1;1;;;;1
21/02/2019;14:36:00;123;sem vítima;277;BR-050/GO;Sul;Engavetamento;3;5;;;;;1
22/02/2019;20:15:00;186;sem vítima;58;BR-050/MG;Sul;Colisão Traseira;1;2;;;;;1
23/02/2019;09:36:00;76;sem vítima;228,15;BR-050/GO;Norte;Saida de Pista;1;1;;;;;1
24/02/2019;23:06:00;159;com vítima;173,5;BR-050/MG;Norte;Colisão Traseira;1;3;2;1;;;2
26/02/2019;23:39:00;224;sem vítima;157,35;BR-050/MG;Sul;Saida de Pista;1;1;;;;;1
27/02/2019;05:57:00;35;sem vítima;101,98;BR-050/GO;Norte;Saida de Pista;1;1;;;;;1
28/02/2019;12:07:00;98;sem vítima;167;BR-050/MG;Norte;Tombamento;1;1;;;;;1
28/02/2019;13:20:00;107;com vítima;166,7;BR-050/GO;Sul;Choque - Suporte de Sinalização;1;0;;1;;;2
02/01/2019;19:48:00;166;sem vítima;132;BR-050/MG;Norte;Colisão Traseira;1;2;;;;;1
03/01/2019;13:19:00;119;com vítima;287;BR-050/GO;Norte;Colisão Traseira;1;3;2;;;;1
04/01/2019;09:08:00;50;sem vítima;179;BR-050/MG;Norte;Tombamento;1;1;;;;;1
04/01/2019;14:01:00;112;com vítima;0,12;BR-050/MG;Norte;Choque - Talude;1;0;1;;;;1
05/01/2019;08:48:00;48;com vítima;77,02;BR-050/MG;Norte;Colisão Traseira;1;1;1;;;;1
07/01/2019;13:22:00;117;sem vítima;252;BR-050/GO;Norte;Colisão Traseira;1;3;;;;;1
07/01/2019;22:59:00;203;sem vítima;20,95;BR-050/MG;Norte;Colisão Traseira;1;3;;;;;1
08/01/2019;08:48:00;54;com vítima;176;BR-050/MG;Norte;Colisão Lateral;1;2;2;;;;1
09/01/2019;00:38:00;9;com vítima;77,1;BR-050/MG;Sul;Colisão Lateral;1;58;1;;;;1
09/01/2019;13:51:00;127;sem vítima;147,46;BR-050/MG;Sul;Choque - Obstáculo Fixo;1;1;;;;;1
09/01/2019;18:37:00;169;com vítima;35,2;BR-050/MG;Norte;Capotamento;1;3;2;;;;1
10/01/2019;07:42:00;47;com vítima;179,8;BR-050/GO;Sul;Choque - Defensa, barreira ou meio fio;1;0;;1;;;2
10/01/2019;19:31:00;202;sem vítima;0,5;BR-050/MG;Sul;Colisão Lateral;1;3;;;;;1
11/01/2019;13:23:00;130;com vítima;176;BR-050/MG;Norte;Tombamento;1;0;1;;;;1
12/01/2019;05:20:00;27;sem vítima;189,95;BR-050/MG;Sul;Choque - Talude;1;1;;;;;1
12/01/2019;06:14:00;31;sem vítima;159,5;BR-050/MG;Norte;Colisão Lateral;1;4;;;;;1
12/01/2019;08:33:00;47;com vítima;64;BR-050/MG;Norte;Colisão Traseira;1;3;;2;;;2
14/01/2019;22:17:00;204;com vítima;97;BR-050/MG;Norte;Colisão Traseira;1;1;4;;;;1
15/01/2019;09:15:00;65;com vítima;38;BR-050/MG;Sul;Colisão Traseira;1;1;1;;;;1
15/01/2019;14:45:00;126;com vítima;53;BR-050/MG;Norte;Colisão Traseira;1;1;1;;;;1
16/01/2019;08:42:00;49;sem vítima;269,85;BR-050/GO;Sul;Colisão Transversal;1;2;;;;;1
17/01/2019;14:04:00;124;sem vítima;195,38;BR-050/GO;Sul;Tombamento;1;1;;;;;1
17/01/2019;20:11:00;175;sem vítima;3,8;BR-050/MG;Sul;Colisão Lateral;1;2;;;;;1
18/01/2019;15:04:00;124;com vítima;19,13;Contorno;Norte;Choque - Veiculo parado no acostamento;1;0;3;1;;;2
19/01/2019;05:40:00;34;com vítima;54,23;BR-050/MG;Sul;Tombamento;1;0;;1;;;2
19/01/2019;22:00:00;192;sem vítima;177,2;BR-050/MG;Sul;Tombamento;1;1;;;;;1
20/01/2019;15:53:00;117;sem vítima;148,4;BR-050/MG;Sul;Tombamento;1;2;;;;;1
21/01/2019;01:44:00;23;sem vítima;119;BR-050/MG;Norte;Colisão Traseira;1;3;;;;;1
21/01/2019;22:43:00;189;sem vítima;264,9;BR-050/GO;Norte;Choque - Barranco;1;1;;;;;1
22/01/2019;08:48:00;51;com vítima;105,32;BR-050/GO;Norte;Colisão Traseira;1;1;2;3;;;2
25/01/2019;07:30:00;53;sem vítima;82,3;BR-050/MG;Norte;Colisão Traseira;1;2;;;;;1
25/01/2019;10:47:00;107;com vítima;239,48;BR-050/GO;Sul;Tombamento;1;0;1;;;;1
25/01/2019;12:23:00;129;sem vítima;181,97;BR-050/MG;Norte;Colisão Lateral;1;3;;;;;1
26/01/2019;03:03:00;25;sem vítima;60,8;BR-050/MG;Norte;Carreta deu L;1;3;;;;;1
26/01/2019;17:43:00;136;sem vítima;13,35;BR-050/MG;Sul;Colisão Traseira;2;2;;;;;1
29/01/2019;14:25:00;143;sem vítima;11,1;BR-050/MG;Sul;Colisão Lateral;1;6;;;;;1
30/01/2019;05:43:00;33;com vítima;265;BR-050/GO;Norte;Tombamento;1;0;;1;;;2
31/01/2019;17:30:00;161;com vítima;99,95;BR-050/MG;Norte;Colisão Traseira;2;0;1;1;;;2
01/03/2019;14:27:00;105;sem vítima;151,75;BR-050/MG;Norte;Choque - Veiculo parado no acostamento;1;2;;;;;1
01/03/2019;15:21:00;119;sem vítima;244,25;BR-050/GO;Sul;Choque - Elemento de Drenagem;1;1;;;;;1
02/03/2019;08:18:00;51;sem vítima;24,68;BR-050/MG;Sul;Choque - Suporte de Sinalização;1;3;;;;;1
06/03/2019;07:19:00;34;com vítima;185,95;BR-050/GO;Norte;Choque - Veiculo parado no acostamento;1;1;;1;;;2
07/03/2019;15:23:00;139;sem vítima;78,48;BR-050/MG;Norte;Colisão Traseira;1;2;;;;;1
09/03/2019;09:43:00;70;com vítima;15;Contorno;Norte;Capotamento;1;0;1;;;;1
09/03/2019;23:07:00;197;sem vítima;21;BR-050/MG;Sul;Colisão Traseira;1;2;;;;;1
10/03/2019;14:53:00;124;sem vítima;136;BR-050/MG;Norte;Colisão Lateral;1;3;;;;;1
11/03/2019;01:53:00;15;sem vítima;232,5;BR-050/GO;Sul;Tombamento;1;2;;;;;1
11/03/2019;21:02:00;186;com vítima;64,9;BR-050/MG;Sul;Colisão Traseira;2;1;1;;;;1
12/03/2019;06:05:00;27;sem vítima;95,8;BR-050/MG;Norte;Tombamento;1;1;;;;;1
13/03/2019;22:37:00;213;sem vítima;152,2;BR-050/GO;Norte;Colisão Lateral;2;2;;;;;1
14/03/2019;16:56:00;176;sem vítima;176,98;BR-050/MG;Sul;Choque - Defensa, barreira ou meio fio;1;1;;;;;1
14/03/2019;20:52:00;214;sem vítima;154;BR-050/GO;Norte;Choque - Defensa, barreira ou meio fio;1;1;;;;;1
15/03/2019;12:46:00;127;sem vítima;14,5;BR-050/MG;Sul;Colisão Lateral;2;2;;;;;1
15/03/2019;19:20:00;218;sem vítima;171,8;BR-050/MG;Norte;Colisão Traseira;1;3;;;;;1
16/03/2019;01:22:00;12;sem vítima;163,5;BR-050/MG;Norte;Atropelamento de Animal;1;1;;;;;1
17/03/2019;14:03:00;78;sem vítima;108,4;BR-050/MG;Norte;Carreta deu L;1;1;;;;;1
17/03/2019;16:25:00;103;sem vítima;198;BR-050/MG;Sul;Colisão Transversal;1;4;;;;;1
17/03/2019;16:28:00;104;sem vítima;177;BR-050/MG;Sul;Colisão Lateral;1;3;;;;;1
19/03/2019;17:12:00;146;sem vítima;118,9;BR-050/GO;Norte;Tombamento;1;1;;;;;1
20/03/2019;17:43:00;147;sem vítima;36;BR-050/MG;Norte;Choque - Defensa, barreira ou meio fio;1;2;;;;;1
21/03/2019;18:01:00;160;sem vítima;86;BR-050/MG;Norte;Choque - Arvore;1;2;;;;;1
23/03/2019;00:11:00;2;sem vítima;260,9;BR-050/GO;Sul;Colisão Lateral;1;3;;;;;1
23/03/2019;23:43:00;179;com vítima;93,2;BR-050/MG;Norte;Colisão Transversal;1;7;;1;;;2
25/03/2019;19:31:00;182;sem vítima;39,6;BR-050/MG;Norte;Colisão Transversal;1;4;;;;;1
25/03/2019;20:01:00;189;sem vítima;114,3;BR-050/GO;Norte;Colisão Traseira;2;2;;;;;1
28/03/2019;07:29:00;31;com vítima;148,3;BR-050/MG;Norte;Tombamento;1;1;1;;;;1
29/03/2019;11:25:00;88;sem vítima;273,4;BR-050/GO;Norte;Tombamento;1;2;;;;;1
29/03/2019;14:58:00;114;com vítima;263,02;BR-050/GO;Sul;Capotamento;1;0;1;1;;;2
29/03/2019;20:58:00;192;sem vítima;57;BR-050/MG;Norte;Colisão Traseira;1;2;;;;;1
31/03/2019;19:28:00;128;sem vítima;54,25;BR-050/MG;Sul;Tombamento;1;1;;;;;1
01/04/2019;09:25:00;41;com vítima;154;BR-050/GO;Norte;Colisão Traseira;1;1;1;;;;1
02/04/2019;12:53:00;89;sem vítima;10,4;BR-050/MG;Sul;Choque - Veiculo parado no acostamento;2;2;;;;;1
02/04/2019;19:11:00;147;com vítima;85,95;BR-050/MG;Norte;Colisão Traseira;1;2;1;1;;;2
02/04/2019;21:46:00;164;com vítima;78,55;BR-050/MG;Norte;Colisão Traseira;1;1;;1;;;2
04/04/2019;23:28:00;186;sem vítima;113,1;BR-050/GO;Norte;Saida de Pista;1;1;;;;;1
06/04/2019;22:17:00;169;com vítima;12;Contorno;Norte;Choque - Obstáculo Fixo;1;0;1;;;;1
07/04/2019;21:33:00;139;com vítima;117,698;BR-050/MG;Norte;Colisão Traseira;2;1;1;;;;1
08/04/2019;09:14:00;45;com vítima;90,68;BR-050/MG;Norte;Tombamento;1;0;1;;;;1
09/04/2019;07:13:00;32;com vítima;174,9;BR-050/MG;Sul;Colisão Traseira;1;1;;1;;;2
11/04/2019;15:00:00;107;com vítima;191,75;BR-050/GO;Sul;Choque - Elemento de Drenagem;1;0;1;;;;1
11/04/2019;21:35:00;174;sem vítima;170,7;BR-050/MG;Norte;Colisão Traseira;2;2;;;;;1
12/04/2019;07:02:00;31;com vítima;15;Contorno;Sul;Tombamento;1;0;1;;;;1
13/04/2019;05:21:00;22;com vítima;234,9;BR-050/GO;Norte;Choque - Elemento de Drenagem;1;0;;1;;;2
16/04/2019;23:41:00;176;sem vítima;56,15;BR-050/MG;Norte;Saida de Pista;1;1;;;;;1
18/04/2019;05:14:00;25;sem vítima;258,68;BR-050/GO;Norte;Tombamento;1;2;;;;;1
19/04/2019;06:14:00;20;com vítima;106,2;BR-050/MG;Norte;Colisão Traseira;2;0;2;;;;1
21/04/2019;06:32:00;22;com vítima;65,35;BR-050/MG;Sul;Colisão Traseira;1;1;1;2;;;2
22/04/2019;12:03:00;91;sem vítima;1,9;BR-050/MG;Sul;Colisão Traseira;2;2;;;;;1
25/04/2019;00:02:00;1;sem vítima;52,2;BR-050/MG;Norte;Colisão Lateral;2;2;;;;;1
25/04/2019;00:45:00;5;sem vítima;194,55;BR-050/GO;Norte;Tombamento;1;1;;;;;1
25/04/2019;15:08:00;116;sem vítima;98,64;BR-050/MG;Norte;Saida de Pista;1;1;;;;;1
25/04/2019;16:21:00;132;com vítima;180,5;BR-050/MG;Norte;Choque - Suporte de Sinalização;1;0;;1;;;2
26/04/2019;04:12:00;19;com vítima;119;BR-050/MG;Norte;Colisão Traseira;2;1;1;;;;1
27/04/2019;04:59:00;22;com vítima;84;BR-050/MG;Norte;Tombamento;1;0;;1;;;2
27/04/2019;20:12:00;159;sem vítima;135,9;BR-050/MG;Sul;Choque - Outros;1;2;;;;;1
29/04/2019;02:58:00;12;com vítima;105,8;BR-050/GO;Norte;Tombamento;1;0;1;1;;;2
29/04/2019;12:58:00;86;sem vítima;165,3;BR-050/MG;Norte;Colisão Lateral;1;4;;;;;1
30/04/2019;12:02:00;83;com vítima;264,8;BR-050/GO;Sul;Tombamento;2;2;1;;;;1
02/05/2019;07:22:00;16;sem vítima;174,9;BR-050/MG;Sul;Colisão Lateral;1;3;;;;;1
05/05/2019;22:22:00;139;com vítima;127,4;BR-050/MG;Norte;Colisão Traseira;2;1;;1;;;2
07/05/2019;10:25:00;79;sem vítima;250,8;BR-050/GO;Norte;Colisão Lateral;1;3;;;;;1
07/05/2019;19:21:00;196;sem vítima;95,7;BR-050/GO;Sul;Colisão Lateral;1;4;;;;;1
08/05/2019;08:17:00;34;sem vítima;15;Contorno;Norte;Tombamento;1;1;;;;;1
08/05/2019;09:31:00;54;sem vítima;163,2;BR-050/GO;Sul;Tombamento;1;1;;;;;1
09/05/2019;12:28:00;105;sem vítima;51;BR-050/MG;Sul;Engavetamento;1;7;;;;;1
09/05/2019;16:37:00;153;sem vítima;51;BR-050/MG;Sul;Colisão Traseira;2;2;;;;;1
09/05/2019;18:29:00;171;com vítima;37,1;BR-050/MG;Norte;Colisão Traseira;1;1;1;;;;1
10/05/2019;12:19:00;95;com vítima;84,85;BR-050/MG;Sul;Colisão Traseira;1;2;1;;;;1
10/05/2019;21:59:00;188;sem vítima;179;BR-050/MG;Norte;Tombamento;1;1;;;;;1
13/05/2019;03:01:00;12;com vítima;117,95;BR-050/MG;Norte;Colisão Traseira;2;2;1;;;;1
13/05/2019;06:17:00;21;com vítima;81,92;BR-050/MG;Norte;Colisão Traseira;2;1;1;;;;1
13/05/2019;18:54:00;136;sem vítima;13,73;BR-050/MG;Norte;Colisão Traseira;2;2;;;;;1
14/05/2019;11:31:00;77;sem vítima;32;BR-050/MG;Sul;Colisão Traseira;1;2;;;;;1
14/05/2019;21:48:00;177;sem vítima;100,2;BR-050/MG;Norte;Colisão Transversal;1;2;;;;;1
16/05/2019;18:15:00;160;com vítima;148,199;BR-050/MG;Sul;Choque - Arvore;1;0;1;1;;;2
21/05/2019;07:19:00;36;sem vítima;13,7;BR-050/MG;Norte;Colisão Traseira;2;2;;;;;1
22/05/2019;13:12:00;94;sem vítima;170,01;BR-050/MG;Norte;Choque - Defensa, barreira ou meio fio;1;1;;;;;1
24/05/2019;08:37:00;50;com vítima;273,4;BR-050/GO;Norte;Tombamento;1;2;2;;;;1
25/05/2019;04:01:00;9;sem vítima;151,6;BR-050/MG;Sul;Tombamento;1;1;;;;;1
25/05/2019;06:43:00;21;sem vítima;99;BR-050/GO;Sul;Colisão Traseira;1;2;;;;;1
25/05/2019;15:23:00;109;sem vítima;148,6;BR-050/GO;Sul;Saida de Pista;1;1;;;;;1
25/05/2019;20:26:00;165;com vítima;98,2;BR-050/MG;Norte;Capotamento;1;1;1;;;;1
25/05/2019;23:24:00;177;com vítima;15;Contorno;Sul;Capotamento;1;0;;1;;;2
27/05/2019;05:30:00;23;sem vítima;85,9;BR-050/MG;Sul;Colisão Traseira;1;4;;;;;1
27/05/2019;08:46:00;57;sem vítima;273,001;BR-050/GO;Sul;Colisão Transversal;1;6;;;;;1
27/05/2019;09:53:00;72;sem vítima;80,6;BR-050/MG;Sul;Colisão Lateral;1;3;;;;;1
28/05/2019;21:14:46;182;com vítima;284;BR-050/GO;Sul;Colisão Transversal;1;1;;1;;;2
31/05/2019;07:04:28;29;sem vítima;121,6;BR-050/MG;Norte;Capotamento;1;1;;;;;1
03/06/2019;12:13:39;96;com vítima;0,8;Contorno;Sul;Tombamento;1;1;1;;;;1
04/06/2019;10:33:00;65;sem vítima;305;BR-050/GO;Sul;Colisão Lateral;2;2;;;;;1
04/06/2019;14:02:01;92;sem vítima;60;BR-050/MG;Sul;Colisão Lateral;1;2;;;;;1
04/06/2019;19:36:20;151;com vítima;119,1;BR-050/MG;Norte;Colisão Lateral;1;1;1;;;;1
04/06/2019;20:52:41;161;com vítima;99,06;BR-050/GO;Norte;Colisão Frontal;1;2;;2;;;2
06/06/2019;11:12:51;73;sem vítima;4,94;Contorno;Norte;Choque - Veiculo parado no acostamento;1;2;;;;;1
10/06/2019;14:16:15;104;sem vítima;15;Contorno;Sul;Tombamento;1;1;;;;;1
10/06/2019;23:19:11;190;com vítima;151,321;BR-050/MG;Sul;Colisão Traseira;1;2;1;;;;1
12/06/2019;07:29:48;33;com vítima;115,92;BR-050/GO;Norte;Colisão Lateral;1;1;1;;;;1
13/06/2019;07:22:00;33;com vítima;35,5;BR-050/MG;Norte;Choque - Veiculo parado na pista;1;1;1;1;1;;2
14/06/2019;19:24:29;204;com vítima;43,1;BR-050/MG;Norte;Colisão Traseira;1;1;;1;;;2
16/06/2019;19:55:35;157;sem vítima;175,8;BR-050/MG;Sul;Choque - Defensa, barreira ou meio fio;1;1;;;;;1
18/06/2019;05:57:12;13;sem vítima;157,2;BR-050/MG;Norte;Tombamento;1;2;;;;;1
22/06/2019;21:23:10;167;sem vítima;93,7;BR-050/MG;Norte;Colisão Traseira;2;2;;;;;1
23/06/2019;18:26:14;131;com vítima;27;BR-050/MG;Sul;Colisão Traseira;2;4;2;;;;1
24/06/2019;03:33:22;23;sem vítima;264,1;BR-050/GO;Norte;Saida de Pista;1;1;;;;;1
27/06/2019;15:16:02;106;sem vítima;180,2;BR-050/MG;Sul;Tombamento;1;1;;;;;1
28/06/2019;08:49:30;41;com vítima;180;BR-050/MG;Norte;Colisão Traseira;1;1;1;;;;1
28/06/2019;10:52:00;65;sem vítima;258,4;BR-050/GO;Sul;Colisão Lateral;1;6;;;;;1
29/06/2019;12:33:29;71;sem vítima;313,4;BR-050/GO;Sul;Colisão Transversal;1;5;;;;;1
05/09/2019;14:08:16;107;sem vítima;283;BR-050/GO;Norte;Colisão Transversal;1;2;;;;;1
05/09/2019;19:47:19;173;sem vítima;132;BR-050/MG;Norte;Colisão Traseira;1;2;;;;;1
06/09/2019;11:39:00;81;com vítima;78,9;BR-050/MG;Sul;Tombamento;1;1;1;;;;1
08/09/2019;21:00:38;142;com vítima;280,3;BR-050/GO;Norte;Colisão Transversal;1;5;1;;;;1
10/09/2019;11:13:47;76;sem vítima;126,06;BR-050/MG;Norte;Tombamento;1;2;;;;;1
12/09/2019;12:51:48;103;sem vítima;13,8;BR-050/MG;Norte;Colisão Traseira;1;5;;;;;1
13/09/2019;08:08:08;45;com vítima;169,64;BR-050/MG;Sul;Colisão Lateral;1;3;1;;;;1
14/09/2019;11:12:24;50;sem vítima;188,4;BR-050/GO;Sul;Colisão Traseira;1;3;;;;;1
17/09/2019;06:58:00;27;com vítima;262,5;BR-050/GO;Norte;Colisão Traseira;2;1;2;;;;1
20/09/2019;13:43:59;108;com vítima;107,62;BR-050/MG;Norte;Capotamento;1;0;1;;;;1
20/09/2019;18:31:32;179;sem vítima;180;BR-050/MG;Norte;Colisão Traseira;1;3;;;;;1
22/09/2019;16:44:00;100;sem vítima;196,25;BR-050/GO;Norte;Saida de Pista;1;1;;;;;1
23/09/2019;18:37:27;141;sem vítima;171,8;BR-050/MG;Norte;Tombamento;1;1;;;;;1
23/09/2019;21:49:25;163;com vítima;43,4;BR-050/MG;Norte;Colisão Lateral;2;1;;1;;;2
24/09/2019;13:15:34;82;com vítima;57,55;BR-050/MG;Sul;Colisão Traseira;2;1;1;;;;1
24/09/2019;17:29:21;122;com vítima;195;BR-050/MG;Sul;Colisão Traseira;1;7;1;;;;1
24/09/2019;20:53:30;149;sem vítima;132,05;BR-050/MG;Sul;Choque - Talude;1;1;;;;;1
25/09/2019;00:02:01;1;com vítima;170;BR-050/MG;Sul;Colisão Traseira;2;1;1;;;;1
25/09/2019;05:24:34;30;com vítima;55,51;BR-050/MG;Norte;Colisão Lateral;1;1;2;;;;1
25/09/2019;18:50:32;157;sem vítima;312,8;BR-050/GO;Sul;Colisão Lateral;1;2;;;;;1
26/09/2019;06:23:52;23;sem vítima;170,2;BR-050/GO;Norte;Saida de Pista;1;2;;;;;1
26/09/2019;14:17:18;103;com vítima;193,1;BR-050/MG;Sul;Colisão Traseira;2;1;;1;;;2
02/08/2019;20:46:03;165;com vítima;192,9;BR-050/MG;Sul;Colisão Lateral;1;1;1;;;;1
03/08/2019;04:57:46;24;com vítima;233,65;BR-050/GO;Norte;Colisão Traseira;1;25;1;;;;1
04/08/2019;16:22:21;90;com vítima;45;BR-050/MG;Sul;Colisão Lateral;1;1;;1;;;2
06/08/2019;07:42:54;30;sem vítima;199,28;BR-050/MG;Sul;Choque - Defensa, barreira ou meio fio;1;1;;;;;1
06/08/2019;17:39:40;123;sem vítima;96;BR-050/GO;Sul;Colisão Lateral;1;2;;;;;1
07/08/2019;12:21:00;84;sem vítima;214,6;BR-050/GO;Sul;Choque - Elemento de Drenagem;1;1;;;;;1
07/08/2019;12:50:35;87;com vítima;272;BR-050/GO;Norte;Tombamento;1;0;1;;;;1
07/08/2019;16:17:33;124;sem vítima;118,78;BR-050/MG;Norte;Colisão Traseira;2;2;;;;;1
08/08/2019;08:13:57;35;sem vítima;6,38;BR-050/MG;Sul;Tombamento;1;2;;;;;1
08/08/2019;17:32:35;123;sem vítima;248;BR-050/GO;Sul;Choque - Talude;1;2;;;;;1
08/08/2019;22:37:39;157;sem vítima;118,95;BR-050/GO;Norte;Colisão Traseira;2;2;;;;;1
11/08/2019;02:26:04;10;sem vítima;258,05;BR-050/GO;Sul;Saida de Pista;1;1;;;;;1
13/08/2019;13:39:44;92;com vítima;313,4;BR-050/GO;Sul;Colisão Transversal;1;2;1;1;;;2
14/08/2019;19:01:03;159;sem vítima;279;BR-050/GO;Sul;Colisão Lateral;1;2;;;;;1
14/08/2019;19:07:49;161;sem vítima;278;BR-050/GO;Sul;Colisão Traseira;2;2;;;;;1
15/08/2019;00:11:13;3;sem vítima;81,8;BR-050/MG;Norte;Colisão Traseira;1;2;;;;;1
15/08/2019;18:49:53;140;com vítima;169;BR-050/MG;Sul;Colisão Lateral;2;1;1;;;;1
16/08/2019;01:57:44;8;sem vítima;81,5;BR-050/MG;Norte;Colisão Traseira;2;3;;;;;1
16/08/2019;13:20:00;97;com vítima;162;BR-050/GO;Sul;Tombamento;1;0;1;;;;1
16/08/2019;18:20:37;146;sem vítima;15;Contorno;Sul;Tombamento;1;1;;;;;1