data;horario;n_da_ocorrencia;tipo_de_ocorrencia;km;trecho;sentido;tipo_de_acidente;caminhao;ilesos;levemente_feridos;moderadamente_feridos;gravemente_feridos;mortos;3
22/08/2019;04:17:48;20;sem vítima;168,35;BR-050/GO;Norte;Atropelamento de Animal;1;1;;;;;1
22/08/2019;04:52:41;25;sem vítima;169,8;BR-050/GO;Norte;Atropelamento de Animal;1;1;;;;;1
24/08/2019;07:20:50;17;com vítima;151,66;BR-050/MG;Sul;Colisão Traseira;2;1;1;;;;1
24/08/2019;08:24:03;28;com vítima;195,35;BR-050/GO;Norte;Tombamento;1;0;;1;;;2
24/08/2019;20:27:19;135;sem vítima;119;BR-050/MG;Norte;Colisão Transversal;1;2;;;;;1
27/08/2019;13:08:00;108;sem vítima;276,5;BR-050/GO;Norte;Colisão Transversal;1;2;;;;;1
29/08/2019;22:27:40;153;sem vítima;46,8;BR-050/MG;Norte;Colisão Traseira;1;2;;;;;1
30/08/2019;12:10:16;80;sem vítima;152,05;BR-050/GO;Norte;Saida de Pista;1;2;;;;;1
30/08/2019;12:27:56;82;com vítima;244,2;BR-050/GO;Sul;Tombamento;1;0;1;;;;1
30/08/2019;20:49:31;168;sem vítima;207,3;BR-050/GO;Sul;Tombamento;1;1;;;;;1
31/08/2019;12:14:00;72;com vítima;310,79;BR-050/GO;Sul;Colisão Frontal;1;1;;;;1;3
31/08/2019;21:36:24;176;com vítima;56;BR-050/MG;Norte;Capotamento;1;0;;;;1;3
01/07/2019;10:07:18;68;sem vítima;118,01;BR-050/MG;Norte;Colisão Lateral;1;5;;;;;1
02/07/2019;17:55:21;111;com vítima;171;BR-050/MG;Norte;Colisão Traseira;1;1;1;;;;1
04/07/2019;22:30:54;187;sem vítima;54,5;BR-050/MG;Sul;Tombamento;1;1;;;;;1
06/07/2019;01:16:07;10;sem vítima;99,5;BR-050/MG;Sul;Colisão Lateral;1;30;;;;;1
06/07/2019;20:40:38;156;com vítima;157;BR-050/MG;Norte;Colisão Frontal;1;1;1;;;;1
08/07/2019;20:24:04;191;com vítima;234,5;BR-050/GO;Norte;Colisão Traseira;1;3;;;1;;2
10/07/2019;05:53:03;22;sem vítima;106,6;BR-050/MG;Sul;Choque - Elemento de Drenagem;1;1;;;;;1
11/07/2019;03:19:40;23;sem vítima;62,55;BR-050/MG;Sul;Tombamento;1;1;;;;;1
11/07/2019;19:43:58;183;com vítima;281;BR-050/GO;Sul;Colisão Transversal;1;1;1;;;;1
12/07/2019;00:47:54;7;com vítima;113;BR-050/MG;Norte;Colisão Traseira;2;1;1;;;;1
13/07/2019;09:00:47;40;sem vítima;150;BR-050/GO;Norte;Colisão Traseira;2;2;;;;;1
18/07/2019;16:09:35;117;sem vítima;82;BR-050/MG;Norte;Tombamento;1;1;;;;;1
19/07/2019;11:13:00;66;com vítima;112,75;BR-050/GO;Norte;Colisão Lateral;1;5;;2;;;2
22/07/2019;17:32:24;136;com vítima;60,15;BR-050/MG;Sul;Colisão Traseira;1;1;1;;;;1
23/07/2019;06:38:47;33;sem vítima;198;BR-050/MG;Sul;Colisão Lateral;1;4;;;;;1
25/07/2019;14:01:35;103;sem vítima;14,1;BR-050/MG;Norte;Choque - Obstáculo Fixo;1;1;;;;;1
26/07/2019;00:11:49;2;sem vítima;83,8;BR-050/MG;Sul;Colisão Traseira;2;2;;;;;1
26/07/2019;19:49:34;158;sem vítima;41,65;BR-050/MG;Sul;Colisão Traseira;1;8;;;;;1
28/07/2019;18:50:51;116;com vítima;193,4;BR-050/GO;Norte;Saida de Pista;1;0;1;;;;1
29/07/2019;01:15:07;10;com vítima;111,15;BR-050/MG;Sul;Colisão Traseira;2;1;;1;;;2
29/07/2019;09:37:21;56;sem vítima;277,02;BR-050/GO;Sul;Colisão Lateral;1;2;;;;;1
31/07/2019;20:01:44;162;com vítima;105,6;BR-050/GO;Norte;Colisão Lateral;1;17;;2;;;2
03/10/2019;13:41:32;125;com vítima;98,88;BR-050/MG;Norte;Tombamento;1;1;;;;1;3
04/10/2019;19:43:01;177;com vítima;119;BR-050/MG;Norte;Colisão Traseira;2;1;;;1;;2
06/10/2019;20:50:00;161;sem vítima;137,9;BR-050/MG;Sul;Choque - Elemento de Drenagem;1;1;;;;;1
07/10/2019;03:19:49;16;com vítima;78;BR-050/MG;Norte;Colisão Lateral;1;3;;1;2;;2
07/10/2019;04:35:46;20;com vítima;158,33;BR-050/GO;Norte;Tombamento;1;0;1;;;;1
10/10/2019;13:58:00;95;com vítima;193,221;BR-050/GO;Norte;Choque - Arvore;1;0;1;;;;1
11/10/2019;12:00:13;92;com vítima;45;BR-050/MG;Sul;Colisão Traseira;1;3;2;;;;1
11/10/2019;14:31:14;116;sem vítima;169,4;BR-050/MG;Sul;Engavetamento;3;4;;;;;1
11/10/2019;20:32:44;175;com vítima;117,8;BR-050/MG;Norte;Colisão Traseira;1;1;;;1;;2
12/10/2019;01:37:58;13;com vítima;151,75;BR-050/MG;Sul;Colisão Traseira;2;1;1;;;;1
12/10/2019;08:55:13;64;com vítima;16,94;BR-050/MG;Norte;Tombamento;1;0;1;;;;1
12/10/2019;15:30:20;121;sem vítima;222,8;BR-050/GO;Sul;Saida de Pista;1;1;;;;;1
12/10/2019;23:12:51;182;sem vítima;27,6;BR-050/MG;Sul;Choque - Elemento de Drenagem;1;1;;;;;1
13/10/2019;19:59:11;139;com vítima;280,6;BR-050/GO;Sul;Colisão Transversal;1;3;1;;;;1
13/10/2019;22:29:50;164;com vítima;134;BR-050/MG;Norte;Colisão Traseira;1;3;;;2;1;3
14/10/2019;17:11:16;95;com vítima;79,32;BR-050/MG;Sul;Queda de Moto;1;1;2;;;;1
15/10/2019;01:57:45;13;sem vítima;85,7;BR-050/MG;Norte;Colisão Traseira;1;3;;;;;1
16/10/2019;16:03:16;136;sem vítima;48,2;BR-050/MG;Sul;Tombamento;1;3;;;;;1
16/10/2019;17:11:35;149;com vítima;168,98;BR-050/MG;Sul;Colisão Traseira;1;1;2;;;;1
17/10/2019;09:57:44;57;sem vítima;290;BR-050/GO;Sul;Saida de Pista;1;1;;;;;1
19/10/2019;20:51:33;149;sem vítima;175;BR-050/MG;Norte;Colisão Lateral;1;4;;;;;1
20/10/2019;05:12:28;25;com vítima;174,6;BR-050/MG;Sul;Engavetamento;1;3;8;;;;1
20/10/2019;06:31:32;29;sem vítima;27,65;BR-050/MG;Sul;Choque - Defensa, barreira ou meio fio;1;2;;;;;1
21/10/2019;03:50:22;10;sem vítima;108,3;BR-050/MG;Norte;Tombamento;1;1;;;;;1
23/10/2019;17:30:55;114;sem vítima;313,8;BR-050/GO;Sul;Tombamento;1;2;;;;;1
23/10/2019;17:45:30;117;com vítima;174;BR-050/MG;Sul;Colisão Lateral;1;1;2;;;;1
24/10/2019;19:58:08;136;com vítima;119;BR-050/MG;Norte;Colisão Lateral;1;1;;;;1;3
24/10/2019;21:40:24;146;com vítima;119;BR-050/MG;Norte;Colisão Traseira;1;2;1;;;;1
27/10/2019;16:41:49;95;com vítima;53;BR-050/MG;Sul;Choque - Talude;1;0;;1;;;2
28/10/2019;19:25:48;140;com vítima;158,05;BR-050/MG;Sul;Colisão Traseira;1;2;4;;;;1
29/10/2019;13:42:18;110;sem vítima;147,16;BR-050/MG;Sul;Choque - Defensa, barreira ou meio fio;1;2;;;;;1
29/10/2019;13:56:49;115;sem vítima;147,16;BR-050/MG;Sul;Choque - Elemento de Drenagem;1;2;;;;;1
29/10/2019;16:16:54;138;sem vítima;147,45;BR-050/MG;Sul;Colisão Traseira;1;2;;;;;1
29/10/2019;17:48:28;155;sem vítima;147,45;BR-050/MG;Sul;Colisão Traseira;1;2;;;;;1
01/11/2019;19:41:37;176;sem vítima;85,5;BR-050/MG;Norte;Colisão Traseira;1;3;;;;;1
02/11/2019;15:27:31;100;com vítima;278,61;BR-050/GO;Sul;Colisão Transversal;1;1;3;;;;1
03/11/2019;13:34:33;70;sem vítima;209,5;BR-050/GO;Norte;Colisão Transversal;1;3;;;;;1
05/11/2019;09:32:48;52;sem vítima;100;BR-050/MG;Norte;Colisão Traseira;1;2;;;;;1
06/11/2019;03:18:06;8;com vítima;81,9;BR-050/MG;Norte;Colisão Traseira;2;2;1;;;;1
07/11/2019;23:34:07;151;com vítima;188;BR-050/MG;Norte;Colisão Traseira;2;2;1;;;;1
10/11/2019;11:22:27;41;sem vítima;161,32;BR-050/GO;Norte;Saida de Pista;1;1;;;;;1
11/11/2019;08:32:36;34;com vítima;171,69;BR-050/MG;Sul;Atropelamento - Pedestre;1;1;1;;;;1
14/11/2019;09:55:26;63;sem vítima;29,14;BR-050/MG;Norte;Choque - Sinalização;1;1;;;;;1
14/11/2019;13:20:04;92;sem vítima;100,4;BR-050/MG;Sul;Choque - Talude;1;1;;;;;1
15/11/2019;02:26:34;14;sem vítima;246,5;BR-050/GO;Sul;Choque - Elemento de Drenagem;1;2;;;;;1
15/11/2019;13:18:08;93;sem vítima;192,7;BR-050/MG;Sul;Colisão Traseira;1;3;;;;;1
16/11/2019;00:18:22;6;sem vítima;118,7;BR-050/MG;Sul;Colisão lateral no mesmo sentido;1;3;;;;;1
18/11/2019;18:13:38;138;sem vítima;31,8;BR-050/MG;Sul;Tombamento;1;1;;;;;1
20/11/2019;10:53:25;59;com vítima;54,4;BR-050/MG;Norte;Choque - Veiculo parado no acostamento;1;2;1;;;;1
20/11/2019;14:04:34;80;com vítima;127,6;BR-050/MG;Norte;Colisão Traseira;1;1;1;;;;1
20/11/2019;15:24:04;90;com vítima;275,36;BR-050/GO;Norte;Capotamento;1;0;1;;;;1
20/11/2019;21:33:21;135;sem vítima;289,2;BR-050/GO;Norte;Tombamento;1;1;;;;;1
21/11/2019;09:59:38;71;com vítima;128,58;BR-050/MG;Norte;Colisão Frontal;1;1;1;;;;1
23/11/2019;08:35:18;45;sem vítima;105;BR-050/MG;Norte;Choque - Veiculo parado na pista;2;2;;;;;1
23/11/2019;14:43:25;96;com vítima;24,9;BR-050/MG;Sul;Choque - Meio fio;1;0;1;;;;1
23/11/2019;18:02:57;132;sem vítima;30;BR-050/MG;Sul;Choque - Defensa, barreira ou meio fio;1;1;;;;;1
23/11/2019;23:47:14;168;sem vítima;188,75;BR-050/MG;Sul;Saida de Pista;1;1;;;;;1
24/11/2019;14:44:31;76;com vítima;41,55;BR-050/MG;Sul;Choque - Defensa, barreira ou meio fio;1;0;1;;;;1
25/11/2019;20:26:22;165;com vítima;111,3;BR-050/GO;Norte;Colisão Frontal;1;0;1;;;1;3
25/11/2019;21:26:28;173;com vítima;29;BR-050/MG;Sul;Choque - Defensa, barreira ou meio fio;1;0;1;;;;1
26/11/2019;14:49:41;89;sem vítima;53,9;BR-050/MG;Norte;Colisão Traseira;1;2;;;;;1
27/11/2019;06:36:00;20;com vítima;241,1;BR-050/GO;Sul;Tombamento;1;0;1;;;;1
28/11/2019;00:41:18;3;sem vítima;106,1;BR-050/GO;Norte;Choque - Elemento de Drenagem;1;1;;;;;1
28/11/2019;18:44:35;117;sem vítima;305,5;BR-050/GO;Norte;Choque - Defensa, barreira ou meio fio;1;1;;;;;1
28/11/2019;19:37:10;128;sem vítima;157;BR-050/MG;Norte;Tombamento;1;2;;;;;1
29/11/2019;11:11:44;47;com vítima;168,8;BR-050/MG;Norte;Colisão Traseira;2;1;;1;;;2
29/11/2019;11:38:35;49;com vítima;53,75;BR-050/MG;Norte;Colisão Transversal;1;2;;2;;;2
02/12/2019;05:40:49;26;sem vítima;16,62;BR-050/MG;Norte;Choque - Elemento de Drenagem;1;1;;;;;1
02/12/2019;17:26:05;143;sem vítima;147,2;BR-050/MG;Sul;Carreta deu L;1;1;;;;;1
02/12/2019;18:05:20;150;sem vítima;47;BR-050/MG;Sul;Tombamento;1;1;;;;;1
02/12/2019;18:31:09;155;sem vítima;147,1;BR-050/MG;Sul;Colisão Traseira;2;2;;;;;1
03/12/2019;08:22:24;33;sem vítima;51,9;BR-050/MG;Norte;Colisão Traseira;1;3;;;;;1
03/12/2019;10:33:40;59;sem vítima;276;BR-050/GO;Norte;Colisão Traseira;1;3;;;;;1
04/12/2019;05:18:51;14;com vítima;149,9;BR-050/MG;Norte;Colisão Traseira;2;2;;;1;;2
04/12/2019;10:12:06;58;sem vítima;174,9;BR-050/MG;Sul;Tombamento;1;2;;;;;1
05/12/2019;13:05:22;74;sem vítima;251,6;BR-050/GO;Norte;Tombamento;1;1;;;;;1
05/12/2019;16:54:24;112;sem vítima;147,65;BR-050/MG;Sul;Choque - Defensa, barreira ou meio fio;1;1;;;;;1
05/12/2019;21:37:18;144;sem vítima;161,1;BR-050/GO;Norte;Tombamento;1;1;;;;;1
06/12/2019;15:43:35;116;sem vítima;137,8;BR-050/MG;Norte;Carreta deu L;1;1;;;;;1
06/12/2019;16:03:17;121;sem vítima;54;BR-050/MG;Sul;Colisão Traseira;2;2;;;;;1
07/12/2019;11:26:34;69;sem vítima;54,1;BR-050/MG;Norte;Colisão lateral no mesmo sentido;2;2;;;;;1
08/12/2019;12:59:06;89;sem vítima;122,5;BR-050/MG;Sul;Tombamento;1;1;;;;;1
08/12/2019;16:04:31;113;sem vítima;167;BR-050/GO;Sul;Saida de Pista;1;1;;;;;1
08/12/2019;17:45:32;134;sem vítima;147;BR-050/MG;Sul;Choque - New jersey;2;2;;;;;1
10/12/2019;14:30:48;82;sem vítima;139,8;BR-050/MG;Sul;Saida de Pista;1;1;;;;;1
10/12/2019;19:53:23;137;sem vítima;17,2;BR-050/MG;Sul;Tombamento;1;1;;;;;1
11/12/2019;15:14:26;111;com vítima;261,45;BR-050/GO;Sul;Tombamento;1;0;;1;;;2
11/12/2019;17:23:10;133;com vítima;137,8;BR-050/MG;Norte;Capotamento;1;0;1;;;;1
11/12/2019;21:53:13;174;sem vítima;271;BR-050/GO;Sul;Saida de Pista;1;2;;;;;1
12/12/2019;00:59:24;5;sem vítima;127,5;BR-050/MG;Norte;Colisão Traseira;1;2;;;;;1
12/12/2019;10:42:53;58;sem vítima;187,6;BR-050/MG;Norte;Colisão Traseira;1;2;;;;;1
19/12/2019;10:48:09;79;sem vítima;65;BR-050/MG;Sul;Tombamento;1;1;;;;;1
19/12/2019;10:53:00;80;sem vítima;65;BR-050/MG;Sul;Colisão Traseira;1;5;;;;;1
20/12/2019;02:52:31;14;sem vítima;209;BR-050/GO;Sul;Choque - Defensa, barreira ou meio fio;1;2;;;;;1
20/12/2019;14:06:42;98;sem vítima;189;BR-050/GO;Sul;Colisão Traseira;2;2;;;;;1
20/12/2019;17:16:11;136;sem vítima;279;BR-050/GO;Norte;Colisão Lateral;1;4;;;;;1
20/12/2019;17:45:39;144;sem vítima;174;BR-050/MG;Norte;Carreta deu L;1;2;;;;;1
20/12/2019;18:41:44;149;sem vítima;176;BR-050/MG;Sul;Colisão Traseira;1;2;;;;;1
23/12/2019;13:26:06;92;com vítima;254,5;BR-050/GO;Norte;Saida de Pista;1;1;;1;;;2
24/12/2019;03:07:31;14;sem vítima;178,6;BR-050/MG;Norte;Tombamento;1;2;;;;;1
26/12/2019;19:45:15;122;sem vítima;105,7;BR-050/GO;Norte;Tombamento;1;1;;;;;1
26/12/2019;23:13:24;149;sem vítima;140,5;BR-050/MG;Norte;Tombamento;1;1;;;;;1
28/12/2019;09:03:51;41;sem vítima;296,5;BR-050/GO;Norte;Colisão Lateral;1;3;;;;;1
01/03/2020;11:05:38;61;com vítima;28,8;BR-050/MG;Norte;Colisão Traseira;2;0;2;;;;1
01/03/2020;11:58:31;72;sem vítima;175,2;BR-050/MG;Norte;Colisão Traseira;1;3;;;;;1
01/03/2020;12:42:07;77;sem vítima;176;BR-050/MG;Norte;Colisão Traseira;1;2;;;;;1
03/03/2020;11:17:21;90;sem vítima;286,7;BR-050/GO;Norte;Colisão Traseira;1;2;;;;;1
03/03/2020;12:20:08;99;com vítima;174,3;BR-050/GO;Sul;Capotamento;1;0;;1;;;2
04/03/2020;11:06:43;82;sem vítima;179,35;BR-050/MG;Norte;Colisão Traseira;2;3;;;;;1
04/03/2020;14:33:50;119;sem vítima;177,9;BR-050/MG;Sul;Colisão Traseira;1;2;;;;;1
06/03/2020;15:13:20;140;sem vítima;119,08;BR-050/MG;Sul;Colisão lateral no mesmo sentido;1;2;;;;;1
07/03/2020;13:18:30;103;com vítima;131,6;BR-050/MG;Norte;Colisão Traseira;1;1;;;1;;2
09/03/2020;11:48:23;104;sem vítima;23,52;BR-050/MG;Sul;Tombamento;1;1;;;;;1
10/03/2020;02:31:57;7;sem vítima;53,64;BR-050/MG;Norte;Choque - Defensa, barreira ou meio fio;1;2;;;;;1
10/03/2020;16:02:13;143;sem vítima;105,4;BR-050/MG;Norte;Colisão Traseira;1;3;;;;;1
11/03/2020;15:26:39;112;com vítima;115,68;BR-050/GO;Sul;Colisão Lateral;1;2;1;;;;1
12/03/2020;16:08:14;148;sem vítima;297,3;BR-050/GO;Sul;Colisão Traseira;1;6;;;;;1
14/03/2020;00:17:13;6;sem vítima;53,9;BR-050/MG;Sul;Choque - Sinalização;1;2;;;;;1
14/03/2020;07:49:10;37;sem vítima;206;BR-050/GO;Norte;Colisão Traseira;1;5;;;;;1
15/03/2020;13:52:37;94;sem vítima;27,8;BR-050/MG;Sul;Choque - Defensa, barreira ou meio fio;1;1;;;;;1
15/03/2020;14:49:46;105;sem vítima;185,95;BR-050/MG;Sul;Choque - Defensa, barreira ou meio fio;1;1;;;;;1
16/03/2020;13:46:42;98;sem vítima;106,2;BR-050/MG;Norte;Colisão Traseira;2;2;;;;;1
17/03/2020;04:30:04;21;com vítima;140,4;BR-050/MG;Norte;Tombamento;1;0;1;;;;1
17/03/2020;14:28:42;117;com vítima;280,6;BR-050/GO;Sul;Colisão Transversal;1;1;1;;;;1
17/03/2020;19:11:04;169;sem vítima;269,6;BR-050/GO;Sul;Colisão Traseira;1;2;;;;;1
17/03/2020;22:32:13;193;sem vítima;175,45;BR-050/MG;Sul;Choque - Veiculo parado no acostamento;1;4;;;;;1
18/03/2020;00:52:51;7;com vítima;174,05;BR-050/MG;Sul;Colisão Traseira;2;1;1;;;;1
18/03/2020;23:28:07;207;com vítima;80,6;BR-050/MG;Sul;Atropelamento - Andarilho;1;1;;;;1;3
21/03/2020;20:29:35;146;sem vítima;197;BR-050/GO;Sul;Choque - Elemento de Drenagem;1;1;;;;;1
24/03/2020;09:10:45;29;sem vítima;205,85;BR-050/GO;Norte;Tombamento;1;1;;;;;1
24/03/2020;12:26:31;46;com vítima;300;BR-050/GO;Sul;Colisão Transversal;2;1;;1;;;2
24/03/2020;13:27:32;53;com vítima;124;BR-050/MG;Norte;Colisão Traseira;1;1;;1;;;2
24/03/2020;19:55:00;107;com vítima;34,9;BR-050/MG;Norte;Colisão Frontal;1;0;1;1;1;1;3
25/03/2020;08:57:42;27;sem vítima;54;BR-050/MG;Norte;Colisão Transversal;1;2;;;;;1
26/03/2020;18:39:16;97;com vítima;59,6;BR-050/MG;Sul;Colisão Traseira;1;1;;1;;;2
26/03/2020;19:12:08;101;com vítima;3,5;BR-050/MG;Sul;Colisão Traseira;2;1;;1;;;2
26/03/2020;20:21:21;108;sem vítima;110;BR-050/MG;Norte;Colisão Traseira;2;2;;;;;1
29/03/2020;22:00:28;98;sem vítima;41,1;BR-050/MG;Norte;Saida de Pista;1;1;;;;;1
31/03/2020;07:26:44;17;com vítima;138,249;BR-050/MG;Norte;Colisão lateral no mesmo sentido;1;1;1;;;;1
31/03/2020;08:18:00;23;sem vítima;14,48;BR-050/MG;Sul;Tombamento;1;1;;;;;1
02/01/2020;14:08:37;84;sem vítima;132,8;BR-050/GO;Sul;Colisão Lateral;1;4;;;;;1
02/01/2020;19:31:49;133;sem vítima;175;BR-050/MG;Norte;Colisão Lateral;1;2;;;;;1
03/01/2020;05:36:29;18;sem vítima;99,1;BR-050/GO;Norte;Colisão Lateral;1;4;;;;;1
03/01/2020;07:55:19;31;com vítima;280,95;BR-050/GO;Norte;Colisão Frontal;1;3;2;;;;1
03/01/2020;08:42:01;37;sem vítima;141;BR-050/MG;Sul;Tombamento;1;2;;;;;1
07/01/2020;03:07:19;8;com vítima;250,129;BR-050/GO;Norte;Colisão Traseira;2;1;1;1;;;2
07/01/2020;15:14:10;118;sem vítima;303,5;BR-050/GO;Sul;Choque - Defensa, barreira ou meio fio;1;1;;;;;1
08/01/2020;01:28:43;4;sem vítima;126,68;BR-050/GO;Norte;Capotamento;1;1;;;;;1
16/01/2020;07:00:21;20;sem vítima;179,85;BR-050/MG;Sul;Colisão Lateral;1;2;;;;;1
16/01/2020;17:05:17;136;com vítima;84,69;BR-050/MG;Norte;Tombamento;1;0;1;;;;1
19/01/2020;00:24:28;2;sem vítima;294,95;BR-050/GO;Norte;Tombamento;1;0;;;;;1
20/01/2020;21:32:53;146;com vítima;179,5;BR-050/MG;Sul;Colisão Traseira;1;2;;1;;;2
21/01/2020;08:06:54;35;sem vítima;41,5;BR-050/MG;Sul;Tombamento;1;1;;;;;1
22/01/2020;00:02:09;2;sem vítima;180,85;BR-050/GO;Sul;Saida de Pista;1;1;;;;;1
22/01/2020;13:20:44;101;sem vítima;181,9;BR-050/MG;Norte;Colisão Lateral;1;2;;;;;1
22/01/2020;14:06:18;110;sem vítima;174,85;BR-050/MG;Sul;Choque - Meio fio;1;1;;;;;1
23/01/2020;02:35:45;8;sem vítima;0,95;BR-050/MG;Norte;Choque - Elemento de Drenagem;1;1;;;;;1
23/01/2020;19:33:45;172;sem vítima;289,815;BR-050/GO;Sul;Tombamento;1;2;;;;;1
24/01/2020;15:43:35;134;sem vítima;177,5;BR-050/MG;Norte;Choque - Defensa, barreira ou meio fio;1;1;;;;;1
24/01/2020;17:46:54;166;sem vítima;178;BR-050/MG;Norte;Colisão Traseira;1;3;;;;;1
25/01/2020;08:19:19;58;sem vítima;238,8;BR-050/GO;Sul;Saida de Pista;1;1;;;;;1
25/01/2020;15:46:27;154;com vítima;280;BR-050/GO;Sul;Colisão Lateral;1;1;1;;;;1
27/01/2020;19:29:48;156;sem vítima;114,65;BR-050/GO;Norte;Colisão Lateral;1;5;;;;;1
28/01/2020;04:26:00;5;sem vítima;256,8;BR-050/GO;Sul;Saida de Pista;2;1;;;;;1
28/01/2020;05:25:20;8;sem vítima;145;BR-050/MG;Norte;Tombamento;1;1;;;;;1
28/01/2020;08:27:13;36;com vítima;235,2;BR-050/GO;Norte;Colisão Traseira;1;1;1;;;;1
28/01/2020;14:52:35;119;com vítima;96,11;BR-050/MG;Norte;Colisão Traseira;2;1;;;;1;3
29/01/2020;13:53:48;117;com vítima;140;BR-050/MG;Sul;Saida de Pista;1;0;1;;;;1
30/01/2020;16:33:31;165;sem vítima;57,23;BR-050/MG;Norte;Choque - Elemento de Drenagem;1;2;;;;;1
30/01/2020;23:34:52;217;sem vítima;307;BR-050/GO;Norte;Colisão Lateral;3;2;;;;;1
31/01/2020;04:11:34;19;com vítima;306,1;BR-050/GO;Sul;Tombamento;1;0;;;;1;3
04/02/2020;20:53:18;170;com vítima;82,7;BR-050/MG;Norte;Colisão Traseira;1;0;;1;;;2
05/02/2020;16:21:54;136;com vítima;29,15;BR-050/MG;Norte;Saida de Pista;1;0;1;;;;1
06/02/2020;16:29:33;131;sem vítima;16,82;BR-050/MG;Sul;Saida de Pista;1;2;;;;;1
07/02/2020;17:29:04;159;com vítima;192,6;BR-050/MG;Norte;Choque - Defensa, barreira ou meio fio;1;1;1;;;;1
07/02/2020;23:40:46;209;sem vítima;64,8;BR-050/MG;Sul;Atropelamento de Animal;1;2;;;;;1
09/02/2020;01:31:25;8;sem vítima;61,5;BR-050/MG;Sul;Choque - Elemento de Drenagem;1;1;;;;;1
09/02/2020;01:47:59;9;sem vítima;256,45;BR-050/GO;Sul;Choque - Arvore;1;1;;;;;1
10/02/2020;19:49:56;170;com vítima;132,8;BR-050/MG;Sul;Colisão Traseira;1;1;1;;;;1
11/02/2020;09:11:51;57;sem vítima;205;BR-050/MG;Sul;Colisão Traseira;2;2;;;;;1
13/02/2020;07:45:01;27;com vítima;273;BR-050/GO;Norte;Tombamento;1;0;1;;;;1
13/02/2020;12:55:57;80;com vítima;51,475;BR-050/MG;Sul;Colisão Traseira;1;0;3;;;;1
13/02/2020;14:23:03;89;sem vítima;20,01;Contorno;Sul;Colisão lateral no mesmo sentido;1;2;;;;;1
14/02/2020;08:44:34;46;sem vítima;179,95;BR-050/MG;Sul;Engavetamento;1;3;;;;;1
14/02/2020;09:34:45;53;sem vítima;54,2;BR-050/MG;Norte;Tombamento;1;2;;;;;1
14/02/2020;09:41:54;54;sem vítima;56;BR-050/MG;Norte;Colisão Traseira;1;3;;;;;1
14/02/2020;13:38:22;118;sem vítima;0;BR-050/MG;Sul;Choque - Elemento de Drenagem;1;1;;;;;1
15/02/2020;02:35:32;10;sem vítima;122,6;BR-050/MG;Norte;Tombamento;1;1;;;;;1
15/02/2020;22:22:00;179;com vítima;117,45;BR-050/GO;Norte;Tombamento;1;0;1;;;;1
17/02/2020;15:06:09;113;com vítima;50,75;BR-050/MG;Sul;Choque - Defensa, barreira ou meio fio;1;0;2;;;;1
19/02/2020;18:29:45;142;sem vítima;80;BR-050/MG;Sul;Colisão Lateral;1;3;;;;;1
20/02/2020;10:23:18;68;sem vítima;180;BR-050/MG;Sul;Colisão Traseira;1;2;;;;;1
20/02/2020;11:55:14;90;sem vítima;107,9;BR-050/MG;Sul;Saida de Pista;1;1;;;;;1
21/02/2020;00:07:30;1;sem vítima;135,9;BR-050/MG;Norte;Choque - Obstáculo Fixo;1;1;;;;;1
21/02/2020;19:13:32;187;sem vítima;154;BR-050/GO;Sul;Tombamento;1;1;;;;;1
22/02/2020;02:34:01;13;sem vítima;146;BR-050/MG;Sul;Atropelamento de Animal;1;1;;;;;1
25/02/2020;08:26:22;36;com vítima;62,7;BR-050/MG;Sul;Choque - Defensa, barreira ou meio fio;1;1;1;;;;1
26/02/2020;12:48:56;79;com vítima;186;BR-050/MG;Norte;Colisão Traseira;1;2;1;1;;;2
27/02/2020;06:56:17;32;com vítima;83,9;BR-050/MG;Norte;Saida de Pista;1;0;1;;;;1
27/02/2020;08:57:05;51;sem vítima;40,58;BR-050/MG;Sul;Choque - Defensa, barreira ou meio fio;1;1;;;;;1
27/02/2020;16:50:52;150;sem vítima;206,9;BR-050/MG;Norte;Colisão Traseira;1;5;;;;;1
27/02/2020;21:46:17;195;sem vítima;271,05;BR-050/GO;Sul;Atropelamento de Animal;1;1;;;;;1
28/02/2020;10:42:38;65;sem vítima;41,25;BR-050/MG;Sul;Choque - Defensa, barreira ou meio fio;1;3;;;;;1
28/02/2020;17:13:21;149;sem vítima;105;BR-050/MG;Norte;Colisão Traseira;1;4;;;;;1
01/04/2020;23:55:44;140;sem vítima;8,3;BR-050/MG;Sul;Choque - Arvore;1;1;;;;;1
02/04/2020;21:20:25;151;sem vítima;86,7;BR-050/MG;Sul;Saida de Pista;1;1;;;;;1
08/04/2020;11:45:25;65;sem vítima;281;BR-050/GO;Sul;Colisão Transversal;1;2;;;;;1