data;horario;n_da_ocorrencia;tipo_de_ocorrencia;km;trecho;sentido;tipo_de_acidente;caminhao;ilesos;levemente_feridos;moderadamente_feridos;gravemente_feridos;mortos;3
08/04/2020;20:00:47;126;com vítima;0,2;BR-050/MG;Sul;Atropelamento - Sem Informação;2;1;;;1;;2
08/04/2020;20:23:00;131;sem vítima;272,3;BR-050/GO;Sul;Atropelamento de Animal;1;1;;;;;1
09/04/2020;16:09:16;123;com vítima;176,6;BR-050/MG;Norte;Colisão Traseira;1;0;;1;;;2
11/04/2020;05:11:23;8;com vítima;118,6;BR-050/MG;Sul;Tombamento;1;0;1;2;;;2
13/04/2020;13:42:56;84;com vítima;206,5;BR-050/MG;Norte;Choque - New jersey;1;0;1;;;;1
15/04/2020;12:06:25;63;sem vítima;54,84;BR-050/MG;Sul;Choque - Defensa metálica;1;1;;;;;1
15/04/2020;13:53:04;75;com vítima;190,5;BR-050/MG;Norte;Tombamento;1;0;1;;;;1
17/04/2020;03:22:54;14;com vítima;118;BR-050/MG;Norte;Colisão Traseira;2;2;;;;1;3
18/04/2020;05:15:16;12;sem vítima;297,8;BR-050/GO;Sul;Tombamento;1;1;;;;;1
20/04/2020;05:35:21;16;com vítima;186,17;BR-050/GO;Sul;Choque - Arvore;1;0;1;;;;1
20/04/2020;14:05:19;56;sem vítima;136,6;BR-050/MG;Sul;Saida de Pista;1;1;;;;;1
21/04/2020;00:20:55;1;sem vítima;145,8;BR-050/MG;Norte;Tombamento;1;1;;;;;1
27/04/2020;14:12:28;65;sem vítima;52,65;BR-050/MG;Sul;Tombamento;1;1;;;;;1
29/04/2020;13:44:13;112;sem vítima;296,4;BR-050/GO;Norte;Saida de Pista;1;1;;;;;1
29/04/2020;14:07:35;118;sem vítima;172;BR-050/GO;Norte;Saida de Pista;1;1;;;;;1
03/05/2020;11:19:22;39;com vítima;252,18;BR-050/GO;Sul;Choque - Arvore;1;0;1;;;;1
06/05/2020;23:53:38;167;sem vítima;281,3;BR-050/GO;Norte;Colisão Traseira;2;2;;;;;1
08/05/2020;07:05:31;22;sem vítima;172,4;BR-050/MG;Sul;Colisão Traseira;1;3;;;;;1
09/05/2020;12:08:35;42;sem vítima;201,18;BR-050/GO;Sul;Saida de Pista;1;1;;;;;1
09/05/2020;16:44:18;85;sem vítima;175;BR-050/MG;Sul;Colisão Traseira;1;2;;;;;1
11/05/2020;00:23:11;3;sem vítima;112;BR-050/MG;Sul;Colisão Traseira;1;1;;;;;1
11/05/2020;21:29:47;161;com vítima;198,4;BR-050/GO;Sul;Capotamento;1;0;;1;;;2
11/05/2020;21:40:16;163;com vítima;16,98;BR-050/MG;Norte;Tombamento;1;0;;;;1;3
12/05/2020;23:00:46;157;com vítima;107;BR-050/GO;Norte;Tombamento;1;0;;1;;;2
13/05/2020;03:32:58;10;sem vítima;27,8;BR-050/MG;Sul;Choque - Meio fio;1;1;;;;;1
13/05/2020;06:08:50;13;sem vítima;104,5;BR-050/GO;Norte;Tombamento;1;1;;;;;1
13/05/2020;09:35:27;38;sem vítima;101;BR-050/GO;Norte;Colisão lateral no sentido contrário;1;1;;;;;1
14/05/2020;17:47:12;107;sem vítima;27;BR-050/MG;Norte;Tombamento;1;2;;;;;1
15/05/2020;20:59:40;147;com vítima;115;BR-050/MG;Norte;Tombamento;1;0;1;;;;1
15/05/2020;21:53:24;154;com vítima;147;BR-050/MG;Norte;Colisão Traseira;2;1;;1;;;2
17/05/2020;01:28:15;10;com vítima;55,6;BR-050/MG;Norte;Tombamento;1;0;1;;;;1
18/05/2020;08:44:07;36;com vítima;181,05;BR-050/MG;Norte;Choque - New jersey;1;0;1;;;;1
19/05/2020;08:40:29;36;com vítima;273,2;BR-050/GO;Norte;Tombamento;1;0;2;;;;1
19/05/2020;18:32:24;143;sem vítima;178;BR-050/MG;Norte;Colisão lateral no mesmo sentido;1;2;;;;;1
20/05/2020;08:47:20;34;com vítima;55,1;BR-050/MG;Norte;Colisão Traseira;1;2;;1;;;2
21/05/2020;18:28:57;134;com vítima;115,2;BR-050/GO;Sul;Colisão Transversal;1;1;;2;;1;3
22/05/2020;04:22:00;11;sem vítima;56,1;BR-050/MG;Sul;Choque - Elemento de Drenagem;1;2;;;;;1
22/05/2020;09:24:55;43;sem vítima;79,9;BR-050/MG;Sul;Colisão lateral no mesmo sentido;1;2;;;;;1
22/05/2020;13:10:28;74;sem vítima;97,2;BR-050/GO;Norte;Colisão Transversal;1;4;;;;;1
23/05/2020;07:34:50;30;com vítima;107;BR-050/MG;Sul;Saida de Pista;1;0;1;;;;1
25/05/2020;18:18:35;113;sem vítima;105;BR-050/MG;Sul;Colisão Traseira;2;3;;;;;1
26/05/2020;02:37:24;8;sem vítima;194;BR-050/MG;Norte;Choque - Defensa metálica;1;1;;;;;1
26/05/2020;23:50:45;155;sem vítima;172;BR-050/GO;Sul;Choque - Sinalização;1;1;;;;;1
27/05/2020;03:26:46;9;com vítima;193;BR-050/MG;Norte;Tombamento;1;0;;1;;;2
27/05/2020;04:37:59;11;sem vítima;300,5;BR-050/GO;Norte;Colisão lateral no mesmo sentido;1;3;;;;;1
27/05/2020;09:31:53;35;com vítima;21;BR-050/MG;Norte;Atropelamento - Sem Informação;1;1;1;;;;1
28/05/2020;19:45:20;142;com vítima;93;BR-050/MG;Sul;Tombamento;1;0;1;;;;1
29/05/2020;00:05:24;1;com vítima;151;BR-050/MG;Sul;Colisão Traseira;2;0;2;;;;1
29/05/2020;14:15:16;70;sem vítima;185;BR-050/GO;Sul;Colisão Traseira;1;3;;;;;1
29/05/2020;17:06:16;99;com vítima;177,5;BR-050/MG;Sul;Engavetamento;2;5;1;;;;1
30/05/2020;19:21:37;108;sem vítima;172,2;BR-050/MG;Sul;Atropelamento de Animal;1;1;;;;;1
02/06/2020;01:08:15;5;sem vítima;246,4;BR-050/GO;Sul;Atropelamento de Animal;1;1;;;;;1
03/06/2020;15:36:35;102;sem vítima;126;BR-050/MG;Sul;Choque - Defensa metálica;1;1;;;;;1
06/06/2020;05:41:41;11;sem vítima;218,3;BR-050/GO;Norte;Choque - Elemento de Drenagem;1;3;;;;;1
07/06/2020;08:34:43;22;sem vítima;269,8;BR-050/GO;Norte;Colisão lateral no mesmo sentido;1;5;;;;;1
07/06/2020;13:58:58;54;sem vítima;84,5;BR-050/MG;Sul;Tombamento;1;1;;;;;1
07/06/2020;21:12:22;123;sem vítima;130,96;BR-050/GO;Sul;Atropelamento de Animal;1;1;;;;;1
10/06/2020;09:40:57;40;sem vítima;278,8;BR-050/GO;Sul;Colisão Traseira;2;2;;;;;1
10/06/2020;15:01:46;84;com vítima;98,8;BR-050/GO;Norte;Colisão lateral no mesmo sentido;1;1;2;;;;1
11/06/2020;14:13:22;92;sem vítima;113,1;BR-050/GO;Norte;Colisão Traseira;1;2;;;;;1
11/06/2020;14:36:58;94;sem vítima;111,2;BR-050/MG;Norte;Choque - Arvore;1;1;;;;;1
11/06/2020;16:35:45;105;sem vítima;177,8;BR-050/MG;Sul;Colisão lateral no mesmo sentido;1;1;;;;;1
11/06/2020;17:35:25;114;sem vítima;77,45;BR-050/MG;Sul;Tombamento;1;1;;;;;1
12/06/2020;07:43:02;23;com vítima;302,8;BR-050/GO;Norte;Colisão Frontal;1;2;;;1;;2
12/06/2020;07:43:02;25;com vítima;302,81;BR-050/GO;Sul;Colisão Traseira;2;1;;1;;;2
12/06/2020;12:31:22;57;sem vítima;23,8;BR-050/MG;Sul;Colisão Traseira;1;6;;;;;1
13/06/2020;08:49:13;40;sem vítima;249,3;BR-050/GO;Sul;Tombamento;1;1;;;;;1
15/06/2020;09:10:44;36;sem vítima;303,8;BR-050/GO;Sul;Colisão Traseira;1;3;;;;;1
15/06/2020;16:16:40;99;com vítima;25,5;BR-050/MG;Norte;Tombamento;1;0;1;;;;1
15/06/2020;18:57:26;123;sem vítima;112;BR-050/GO;Norte;Colisão Transversal;1;2;;;;;1
16/06/2020;10:52:13;70;sem vítima;56,9;BR-050/MG;Sul;Colisão Traseira;2;2;;;;;1
16/06/2020;14:50:15;109;sem vítima;165,5;BR-050/MG;Sul;Saida de Pista;1;1;;;;;1
17/06/2020;18:40:34;117;sem vítima;118;BR-050/MG;Norte;Colisão lateral no mesmo sentido;2;2;;;;;1
20/06/2020;07:18:49;30;com vítima;37,8;BR-050/MG;Norte;Colisão Traseira;1;2;1;;;;1
20/06/2020;10:44:55;65;com vítima;28,7;BR-050/MG;Sul;Tombamento;1;0;1;;;;1
21/06/2020;19:15:56;122;sem vítima;244;BR-050/GO;Norte;Tombamento;1;2;;;;;1
22/06/2020;20:33:34;125;com vítima;280,6;BR-050/GO;Sul;Colisão Transversal;1;1;;;1;;2
23/06/2020;02:25:47;13;com vítima;176,7;BR-050/MG;Norte;Tombamento;1;0;1;;;;1
23/06/2020;22:05:04;131;com vítima;283,5;BR-050/GO;Sul;Colisão Traseira;1;1;1;;;;1
25/06/2020;00:51:52;4;com vítima;191,86;BR-050/GO;Sul;Colisão Traseira;2;1;;1;;;2
25/06/2020;14:46:39;113;com vítima;187,8;BR-050/GO;Norte;Colisão lateral no mesmo sentido;1;1;1;;;;1
26/06/2020;06:07:42;18;com vítima;250,5;BR-050/GO;Norte;Colisão lateral no mesmo sentido;1;1;;1;;;2
26/06/2020;07:18:30;23;sem vítima;106,1;BR-050/GO;Norte;Tombamento;1;1;;;;;1
29/06/2020;07:19:21;15;com vítima;63,76;BR-050/MG;Norte;Colisão Traseira;1;0;3;1;;;2
30/06/2020;18:24:50;96;com vítima;41,1;BR-050/MG;Norte;Colisão lateral no mesmo sentido;1;0;1;;;;1
03/07/2020;05:16:38;24;com vítima;7;Contorno;Norte;Tombamento;1;0;1;;;;1
07/07/2020;22:12:26;206;com vítima;15,55;BR-050/MG;Sul;Tombamento;1;0;1;;;;1
08/07/2020;08:04:51;35;sem vítima;118,2;BR-050/MG;Norte;Colisão lateral no mesmo sentido;2;2;;;;;1
08/07/2020;13:22:08;87;sem vítima;95,7;BR-050/GO;Norte;Tombamento;1;1;;;;;1
08/07/2020;16:55:32;116;sem vítima;180,05;BR-050/MG;Norte;Colisão lateral no mesmo sentido;1;2;;;;;1
08/07/2020;19:01:37;130;com vítima;89;BR-050/MG;Sul;Capotamento;1;0;2;;;;1
10/07/2020;11:02:12;76;sem vítima;180;BR-050/MG;Sul;Colisão Traseira;1;1;;;;;1
10/07/2020;13:50:18;100;sem vítima;44,6;BR-050/MG;Norte;Colisão Traseira;1;5;;;;;1
10/07/2020;15:16:58;111;com vítima;115,8;BR-050/MG;Sul;Tombamento;1;0;;1;;;2
12/07/2020;17:47:18;78;com vítima;178,6;BR-050/MG;Norte;Tombamento;1;0;;1;;;2
13/07/2020;20:30:17;141;com vítima;172,25;BR-050/GO;Sul;Tombamento;1;0;1;;;;1
15/07/2020;08:28:39;41;sem vítima;77,3;BR-050/MG;Norte;Choque - Meio fio;1;1;;;;;1
15/07/2020;15:17:50;121;sem vítima;25,1;BR-050/MG;Sul;Colisão lateral no sentido contrário;2;2;;;;;1
16/07/2020;08:47:51;38;sem vítima;105,4;BR-050/GO;Norte;Colisão lateral no mesmo sentido;2;2;;;;;1
16/07/2020;19:45:18;136;sem vítima;84,9;BR-050/MG;Sul;Colisão lateral no mesmo sentido;1;2;;;;;1
17/07/2020;07:33:32;25;com vítima;206,7;BR-050/MG;Norte;Colisão Traseira;1;3;2;;;;1
17/07/2020;20:38:39;139;com vítima;40;BR-050/MG;Sul;Objeto lançado contra veículo;1;0;1;;;;1
18/07/2020;11:49:01;121;sem vítima;205,9;BR-050/MG;Sul;Colisão lateral no mesmo sentido;1;3;;;;;1
18/07/2020;14:39:03;153;sem vítima;50,75;BR-050/MG;Norte;Choque - Meio fio;1;1;;;;;1
18/07/2020;19:20:04;206;com vítima;279;BR-050/GO;Sul;Colisão Traseira;1;0;;1;;;2
20/07/2020;13:35:13;76;com vítima;134,2;BR-050/MG;Sul;Capotamento;1;0;1;;;;1
22/07/2020;21:30:25;192;sem vítima;196,85;BR-050/GO;Sul;Tombamento;1;1;;;;;1
23/07/2020;14:34:14;112;sem vítima;301,5;BR-050/GO;Norte;Saida de Pista;2;3;;;;;1
23/07/2020;16:06:54;135;sem vítima;27,8;BR-050/MG;Sul;Choque - Defensa metálica;1;1;;;;;1
23/07/2020;16:25:13;140;sem vítima;147;BR-050/GO;Norte;Tombamento;1;1;;;;;1
25/07/2020;04:57:34;20;com vítima;84,6;BR-050/MG;Norte;Capotamento;1;0;2;;;;1
26/07/2020;13:57:30;55;sem vítima;193,7;BR-050/MG;Norte;Colisão Traseira;2;2;;;;;1
27/07/2020;19:20:11;137;com vítima;96;BR-050/MG;Norte;Colisão Traseira;2;1;1;;;;1
29/07/2020;19:57:01;143;sem vítima;99,1;BR-050/GO;Sul;Colisão Traseira;2;2;;;;;1
30/07/2020;13:33:08;102;com vítima;135;BR-050/MG;Sul;Engavetamento;3;1;2;1;1;;2
02/08/2020;16:24:09;72;ac03 - Acidente com vítima ilesa;193;BR-050/MG;Sul;Colisão Traseira;1;1;;;;;1
02/08/2020;22:04:08;120;ac02 - Acidente com vítima;143,3;BR-050/MG;Sul;Choque - Elemento de Drenagem;1;0;1;;;;1
03/08/2020;13:30:35;76;ac02 - Acidente com vítima;86,7;BR-050/MG;Norte;Colisão Traseira;1;0;4;;;;1
04/08/2020;14:35:48;102;ac03 - Acidente com vítima ilesa;100;BR-050/MG;Norte;Choque - Veiculo parado no acostamento;1;2;;;;;1
04/08/2020;18:14:33;137;ac03 - Acidente com vítima ilesa;189,4;BR-050/MG;Norte;Colisão lateral no mesmo sentido;1;5;;;;;1
06/08/2020;08:58:37;46;ac02 - Acidente com vítima;21,3;Contorno;Norte;Colisão lateral no sentido contrário;1;1;1;;;;1
06/08/2020;09:31:08;48;ac03 - Acidente com vítima ilesa;105,445;BR-050/GO;Norte;Tombamento;1;1;;;;;1
07/08/2020;08:04:53;35;ac03 - Acidente com vítima ilesa;47;BR-050/MG;Sul;Colisão Traseira;1;3;;;;;1
09/08/2020;19:24:32;95;ac03 - Acidente com vítima ilesa;56,05;BR-050/MG;Norte;Tombamento;1;1;;;;;1
09/08/2020;23:52:26;118;ac03 - Acidente com vítima ilesa;53,1;BR-050/MG;Norte;Colisão Traseira;1;2;;;;;1
11/08/2020;13:13:58;74;ac03 - Acidente com vítima ilesa;175;BR-050/MG;Sul;Colisão lateral no mesmo sentido;1;2;;;;;1
13/08/2020;17:04:35;138;ac03 - Acidente com vítima ilesa;118,8;BR-050/MG;Sul;Colisão lateral no mesmo sentido;1;7;;;;;1
15/08/2020;08:44:19;30;ac01 - Acidente com vitima fatal;17;BR-050/MG;Norte;Choque - Sinalização;1;0;;;1;1;3
15/08/2020;16:37:27;120;ac02 - Acidente com vítima;177,9;BR-050/MG;Norte;Capotamento;1;0;1;;;;1
15/08/2020;19:00:05;147;ac03 - Acidente com vítima ilesa;180;BR-050/GO;Norte;Choque - New jersey;1;1;;;;;1
16/08/2020;10:12:31;39;ac02 - Acidente com vítima;176,2;BR-050/MG;Norte;Colisão lateral no mesmo sentido;1;2;1;;;;1
17/08/2020;22:56:58;165;ac02 - Acidente com vítima;80,55;BR-050/MG;Norte;Colisão lateral no mesmo sentido;2;1;1;;;;1
18/08/2020;04:11:43;19;ac02 - Acidente com vítima;61,5;BR-050/MG;Sul;Colisão Traseira;2;1;;1;;;2
19/08/2020;02:50:38;16;ac02 - Acidente com vítima;140,9;BR-050/MG;Norte;Tombamento;1;0;1;;;;1
19/08/2020;17:38:55;168;ac02 - Acidente com vítima;91,95;BR-050/MG;Sul;Tombamento;1;0;1;;;;1
20/08/2020;08:48:00;59;ac03 - Acidente com vítima ilesa;82,05;BR-050/MG;Norte;Colisão lateral no mesmo sentido;1;2;;;;;1
21/08/2020;09:21:00;59;ac02 - Acidente com vítima;49,15;BR-050/MG;Sul;Tombamento;1;0;1;;;;1
21/08/2020;18:47:54;158;ac01 - Acidente com vitima fatal;146;BR-050/MG;Norte;Atropelamento - Pedestre;1;3;;;;1;3
25/08/2020;08:47:27;48;ac03 - Acidente com vítima ilesa;56,9;BR-050/MG;Sul;Colisão Traseira;1;2;;;;;1
25/08/2020;20:30:02;157;ac03 - Acidente com vítima ilesa;244,1;BR-050/GO;Sul;Tombamento;1;1;;;;;1
26/08/2020;09:04:50;40;ac02 - Acidente com vítima;190,4;BR-050/MG;Sul;Choque - New jersey;1;1;1;;;;1
26/08/2020;15:03:08;92;ac03 - Acidente com vítima ilesa;228,75;BR-050/GO;Norte;Tombamento;1;1;;;;;1
26/08/2020;19:23:07;139;ac02 - Acidente com vítima;171,6;BR-050/MG;Sul;Choque - New jersey;1;0;1;;;;1
26/08/2020;22:24:37;167;ac02 - Acidente com vítima;138,08;BR-050/MG;Sul;Capotamento;1;0;1;;;;1
28/08/2020;15:58:58;116;ac02 - Acidente com vítima;299,5;BR-050/GO;Sul;Colisão Traseira;1;3;;2;;;2
29/08/2020;08:28:58;27;ac02 - Acidente com vítima;164,4;BR-050/MG;Sul;Tombamento;1;0;2;;;;1
29/08/2020;11:09:20;55;ac02 - Acidente com vítima;132,1;BR-050/MG;Sul;Colisão lateral no mesmo sentido;1;0;4;;;;1
30/08/2020;23:15:00;185;ac03 - Acidente com vítima ilesa;3,543;Contorno;Sul;Atropelamento de Animal;1;1;;;;;1
30/08/2020;23:50:03;191;ac02 - Acidente com vítima;127;BR-050/MG;Norte;Colisão Traseira;2;0;2;;;;1
01/09/2020;13:04:20;100;ac03 - Acidente com vítima ilesa;188,5;BR-050/GO;Norte;Choque - Outros;1;1;;;;;1
01/09/2020;18:21:12;181;ac02 - Acidente com vítima;99;BR-050/GO;Norte;Tombamento;1;0;1;;;;1
02/09/2020;09:31:07;112;ac02 - Acidente com vítima;182,65;BR-050/MG;Sul;Tombamento;1;0;1;;;;1
03/09/2020;15:01:23;169;ac03 - Acidente com vítima ilesa;304,95;BR-050/GO;Norte;Colisão Traseira;1;1;;;;;1
03/09/2020;20:13:53;248;ac03 - Acidente com vítima ilesa;226,3;BR-050/GO;Sul;Colisão Traseira;2;2;;;;;1
03/09/2020;21:11:58;263;ac02 - Acidente com vítima;96,5;BR-050/MG;Sul;Colisão Traseira;2;2;1;;;;1
04/09/2020;19:36:14;291;ac03 - Acidente com vítima ilesa;308,53;BR-050/GO;Sul;Colisão lateral no mesmo sentido;1;1;;;;;1
04/09/2020;19:43:55;294;ac03 - Acidente com vítima ilesa;308,7;BR-050/GO;Sul;Saida de Pista;1;3;;;;;1
05/09/2020;04:58:54;31;ac02 - Acidente com vítima;188,4;BR-050/MG;Norte;Colisão Traseira;2;1;1;;;;1
05/09/2020;17:07:28;199;ac03 - Acidente com vítima ilesa;51,2;BR-050/MG;Sul;Colisão Traseira;1;2;;;;;1
06/09/2020;01:31:06;8;ac02 - Acidente com vítima;54,32;BR-050/MG;Sul;Tombamento;1;0;;2;;;2
06/09/2020;18:54:48;163;ac02 - Acidente com vítima;277,5;BR-050/GO;Norte;Colisão lateral no mesmo sentido;1;1;;1;;;2
08/09/2020;07:49:20;50;ac03 - Acidente com vítima ilesa;179;BR-050/MG;Sul;Colisão lateral no mesmo sentido;1;3;;;;;1
08/09/2020;08:05:38;52;ac03 - Acidente com vítima ilesa;179;BR-050/MG;Sul;Colisão lateral no mesmo sentido;1;3;;;;;1
08/09/2020;03:15:22;58;ac02 - Acidente com vítima;29,2;BR-050/MG;Norte;Choque - Talude;1;0;1;;;;1
09/09/2020;11:23:23;110;ac02 - Acidente com vítima;20,7;BR-050/MG;Sul;Colisão Traseira;1;3;2;;;;1
11/09/2020;16:37:43;196;ac03 - Acidente com vítima ilesa;16,7;Contorno;Sul;Choque - New jersey;1;1;;;;;1
11/09/2020;18:55:39;229;ac03 - Acidente com vítima ilesa;161,3;BR-050/MG;Sul;Colisão lateral no mesmo sentido;1;5;;;;;1
12/09/2020;14:35:42;177;ac03 - Acidente com vítima ilesa;168;BR-050/MG;Norte;Choque - New jersey;1;1;;;;;1
15/09/2020;10:46:04;105;ac03 - Acidente com vítima ilesa;83,66;BR-050/MG;Sul;Colisão Traseira;2;3;;;;;1
16/09/2020;10:11:09;116;ac02 - Acidente com vítima;305;BR-050/GO;Sul;Choque - Talude;1;0;;1;;;2
16/09/2020;16:50:29;240;ac03 - Acidente com vítima ilesa;151;BR-050/MG;Sul;Saida de Pista;1;1;;;;;1
17/09/2020;10:30:42;117;ac03 - Acidente com vítima ilesa;60;BR-050/MG;Sul;Colisão Traseira;1;4;;;;;1
18/09/2020;02:29:00;19;ac02 - Acidente com vítima;39,86;BR-050/MG;Norte;Tombamento;1;0;;2;;;2
18/09/2020;13:45:21;171;ac03 - Acidente com vítima ilesa;44,7;BR-050/MG;Norte;Colisão Traseira;1;2;;;;;1
18/09/2020;13:56:57;178;ac02 - Acidente com vítima;174,9;BR-050/GO;Norte;Colisão Traseira;1;0;1;1;;;2
18/09/2020;18:20:28;276;ac03 - Acidente com vítima ilesa;182,05;BR-050/MG;Sul;Choque - Defensa metálica;1;1;;;;;1
18/09/2020;19:14:21;287;ac02 - Acidente com vítima;280;BR-050/GO;Sul;Colisão Traseira;1;0;2;;;;1
20/09/2020;21:48:52;277;ac02 - Acidente com vítima;205,9;BR-050/MG;Norte;Colisão Traseira;1;1;1;;;;1
22/09/2020;14:27:00;147;ac02 - Acidente com vítima;29,87;BR-050/MG;Norte;Tombamento;1;0;1;;;;1
22/09/2020;19:02:00;197;ac02 - Acidente com vítima;79,8;BR-050/MG;Norte;Colisão Traseira;1;1;1;;;;1
23/09/2020;05:28:17;27;ac03 - Acidente com vítima ilesa;5;BR-050/MG;Sul;Choque - Sinalização;1;2;;;;;1
24/09/2020;06:33:55;50;ac03 - Acidente com vítima ilesa;56,5;BR-050/MG;Sul;Colisão lateral no mesmo sentido;1;6;;;;;1
25/09/2020;13:41:47;166;ac02 - Acidente com vítima;177,35;BR-050/MG;Norte;Colisão Traseira;1;3;1;;;;1
25/09/2020;16:38:57;209;ac03 - Acidente com vítima ilesa;94;BR-050/MG;Sul;Colisão lateral no mesmo sentido;1;2;;;;;1
25/09/2020;16:45:38;212;ac02 - Acidente com vítima;94;BR-050/MG;Sul;Colisão Traseira;1;1;1;;;;1
27/09/2020;16:41:34;201;ac02 - Acidente com vítima;140,5;BR-050/MG;Norte;Tombamento;1;0;1;;;;1
28/09/2020;14:11:24;181;ac03 - Acidente com vítima ilesa;283;BR-050/GO;Sul;Colisão Transversal;2;3;;;;;1
29/09/2020;02:01:42;20;ac02 - Acidente com vítima;132,2;BR-050/MG;Norte;Tombamento;1;0;1;;;;1
29/09/2020;02:41:04;23;ac03 - Acidente com vítima ilesa;92,35;BR-050/MG;Norte;Colisão Traseira;2;2;;;;;1
29/09/2020;04:31:00;32;ac01 - Acidente com vitima fatal;56,1;BR-050/MG;Norte;Capotamento;1;0;;;;1;3
30/09/2020;00:40:51;10;ac02 - Acidente com vítima;99,4;BR-050/MG;Sul;Colisão Traseira;2;1;1;;;;1
01/10/2020;05:32:06;40;ac03 - Acidente com vítima ilesa;272,25;BR-050/GO;Sul;Saida de Pista;1;2;;;;;1
02/10/2020;10:12:16;133;ac02 - Acidente com vítima;140,2;BR-050/MG;Norte;Saida de Pista;1;0;;1;;;2
03/10/2020;04:32:50;38;ac03 - Acidente com vítima ilesa;55,838;BR-050/MG;Sul;Choque - Arvore;1;1;;;;;1
03/10/2020;14:33:25;162;ac03 - Acidente com vítima ilesa;207,3;BR-050/GO;Sul;Tombamento;1;1;;;;;1
04/10/2020;19:24:43;230;ac02 - Acidente com vítima;0,2;BR-050/MG;Sul;Choque - Talude;1;0;;1;;;2
05/10/2020;23:35:43;302;ac02 - Acidente com vítima;151,7;BR-050/MG;Norte;Colisão Traseira;2;1;1;;;;1
07/10/2020;12:43:34;169;ac02 - Acidente com vítima;112;BR-050/GO;Norte;Colisão lateral no sentido contrário;1;1;2;;;;1
08/10/2020;01:49:07;7;ac02 - Acidente com vítima;202,2;BR-050/MG;Sul;Colisão Traseira;2;0;1;;;;1
08/10/2020;21:59:18;284;ac02 - Acidente com vítima;255,6;BR-050/GO;Sul;Colisão Traseira;1;2;1;;1;;2
13/10/2020;15:46:34;186;ac02 - Acidente com vítima;50,55;BR-050/MG;Norte;Tombamento;1;0;1;;;;1
14/10/2020;19:02:05;297;ac03 - Acidente com vítima ilesa;41,6;BR-050/MG;Sul;Colisão Traseira;2;2;;;;;1
15/10/2020;13:46:13;187;ac03 - Acidente com vítima ilesa;180;BR-050/MG;Norte;Colisão lateral no mesmo sentido;1;2;;;;;1
15/10/2020;14:02:31;194;ac03 - Acidente com vítima ilesa;207,5;BR-050/GO;Sul;Saida de Pista;1;2;;;;;1
16/10/2020;07:30:58;57;ac02 - Acidente com vítima;13,14;Contorno;Norte;Choque - Talude;1;0;1;;;;1
16/10/2020;14:06:31;166;ac03 - Acidente com vítima ilesa;278,05;BR-050/GO;Sul;Colisão Traseira;1;2;;;;;1
16/10/2020;16:12:29;206;ac03 - Acidente com vítima ilesa;28;BR-050/MG;Sul;Choque - Defensa metálica;1;1;;;;;1
16/10/2020;18:55:23;238;ac02 - Acidente com vítima;192,6;BR-050/MG;Sul;Choque - Elemento de Drenagem;1;0;1;;;;1
17/10/2020;01:22:22;9;ac02 - Acidente com vítima;192,6;BR-050/MG;Norte;Engavetamento;2;1;1;;;;1
17/10/2020;03:51:08;22;ac03 - Acidente com vítima ilesa;18;BR-050/MG;Norte;Tombamento;1;1;;;;;1
20/10/2020;05:38:13;24;ac03 - Acidente com vítima ilesa;41,2;BR-050/MG;Norte;Choque - Meio fio;1;1;;;;;1
20/10/2020;07:50:59;37;ac03 - Acidente com vítima ilesa;51,6;BR-050/MG;Sul;Choque - Defensa metálica;1;1;;;;;1
20/10/2020;10:51:35;87;ac02 - Acidente com vítima;294,15;BR-050/GO;Norte;Colisão lateral no mesmo sentido;1;0;3;;;;1
20/10/2020;16:40:11;152;ac03 - Acidente com vítima ilesa;55,8;BR-050/MG;Norte;Colisão Traseira;2;2;;;;;1
20/10/2020;19:26:00;180;ac02 - Acidente com vítima;44,95;BR-050/MG;Norte;Colisão Traseira;2;1;;1;;;2
21/10/2020;02:59:52;21;ac02 - Acidente com vítima;152,33;BR-050/GO;Sul;Choque - Sinalização;1;1;1;;;;1
22/10/2020;21:23:53;274;ac03 - Acidente com vítima ilesa;138;BR-050/MG;Sul;Colisão Traseira;2;3;;;;;1
23/10/2020;05:23:43;36;ac03 - Acidente com vítima ilesa;299;BR-050/GO;Sul;Choque - Elemento de Drenagem;1;1;;;;;1