data;horario;n_da_ocorrencia;tipo_de_ocorrencia;km;trecho;sentido;tipo_de_acidente;caminhao;ilesos;levemente_feridos;moderadamente_feridos;gravemente_feridos;mortos;3
25/10/2020;22:40:28;177;ac02 - Acidente com vítima;2;BR-050/MG;Sul;Colisão Traseira;2;1;1;;;;1
26/10/2020;20:11:19;267;ac03 - Acidente com vítima ilesa;283;BR-050/GO;Sul;Colisão Transversal;1;3;;;;;1
27/10/2020;14:44:58;175;ac03 - Acidente com vítima ilesa;179;BR-050/MG;Sul;Colisão lateral no mesmo sentido;2;2;;;;;1
28/10/2020;16:12:09;206;ac03 - Acidente com vítima ilesa;47,45;BR-050/MG;Sul;Choque - Talude;1;1;;;;;1
28/10/2020;23:49:56;302;ac03 - Acidente com vítima ilesa;260,92;BR-050/GO;Norte;Choque - Defensa metálica;1;1;;;;;1
29/10/2020;15:11:00;180;ac02 - Acidente com vítima;51,65;BR-050/MG;Sul;Colisão Traseira;2;1;;1;;;2
30/10/2020;01:21:01;2;ac02 - Acidente com vítima;88,5;BR-050/MG;Norte;Colisão Traseira;1;1;;1;;;2
30/10/2020;10:02:22;90;ac02 - Acidente com vítima;56;BR-050/MG;Norte;Tombamento;1;2;1;;;;1
30/10/2020;17:14:05;224;ac03 - Acidente com vítima ilesa;44,8;BR-050/MG;Sul;Colisão Traseira;2;2;;;;;1
30/10/2020;18:29:52;244;ac03 - Acidente com vítima ilesa;39,8;BR-050/MG;Sul;Colisão lateral no mesmo sentido;2;3;;;;;1
30/10/2020;22:13:54;314;ac01 - Acidente com vitima fatal;230,58;BR-050/GO;Norte;Tombamento;1;0;;;;1;3
31/10/2020;01:14:42;13;ac02 - Acidente com vítima;191,18;BR-050/GO;Norte;Saida de Pista;1;0;1;;;;1
31/10/2020;02:17:09;19;ac02 - Acidente com vítima;166;BR-050/GO;Norte;Colisão Traseira;1;2;1;;;;1
31/10/2020;04:59:03;30;ac03 - Acidente com vítima ilesa;52,54;BR-050/MG;Norte;Colisão Traseira;2;2;;;;;1
31/10/2020;22:11:09;278;ac03 - Acidente com vítima ilesa;176;BR-050/GO;Sul;Colisão lateral no mesmo sentido;1;6;;;;;1
01/11/2020;23:40:30;216;ac02 - Acidente com vítima;34,6;BR-050/MG;Sul;Choque - Sinalização;1;1;1;;;;1
03/11/2020;20:29:01;265;ac02 - Acidente com vítima;60,35;BR-050/MG;Sul;Colisão Traseira;2;1;1;;;;1
04/11/2020;16:20:07;210;ac03 - Acidente com vítima ilesa;264,45;BR-050/GO;Sul;Colisão lateral no mesmo sentido;1;2;;;;;1
06/11/2020;10:57:50;126;ac03 - Acidente com vítima ilesa;178,85;BR-050/MG;Sul;Engavetamento;2;3;;;;;1
07/11/2020;00:02:22;2;ac02 - Acidente com vítima;165,48;BR-050/GO;Sul;Choque - Elemento de Drenagem;1;0;1;;;;1
07/11/2020;10:51:11;112;ac02 - Acidente com vítima;53;BR-050/MG;Sul;Choque - New jersey;1;0;;;4;;2
07/11/2020;15:54:15;191;ac02 - Acidente com vítima;112,1;BR-050/MG;Sul;Colisão Traseira;1;1;1;;;;1
09/11/2020;11:10:00;118;ac02 - Acidente com vítima;141,3;BR-050/MG;Sul;Choque - Defensa metálica;1;0;;1;;;2
11/11/2020;01:26:01;6;ac02 - Acidente com vítima;58,3;BR-050/MG;Norte;Colisão Traseira;2;1;;1;;;2
11/11/2020;13:06:50;126;ac03 - Acidente com vítima ilesa;56,7;BR-050/MG;Sul;Colisão Traseira;1;4;;;;;1
12/11/2020;12:34:19;147;ac02 - Acidente com vítima;183,4;BR-050/MG;Sul;Engavetamento;1;7;4;3;;;2
12/11/2020;18:50:57;253;ac03 - Acidente com vítima ilesa;180;BR-050/MG;Sul;Colisão Traseira;1;2;;;;;1
12/11/2020;19:36:13;267;ac03 - Acidente com vítima ilesa;150;BR-050/MG;Norte;Tombamento;1;2;;;;;1
13/11/2020;05:50:08;30;ac02 - Acidente com vítima;97;BR-050/MG;Norte;Colisão Traseira;1;0;1;;;;1
13/11/2020;06:17:48;36;ac03 - Acidente com vítima ilesa;189,7;BR-050/MG;Sul;Choque - New jersey;1;1;;;;;1
13/11/2020;19:29:52;240;ac01 - Acidente com vitima fatal;101,92;BR-050/GO;Norte;Colisão Traseira;1;0;;;;1;3
13/11/2020;21:11:16;263;ac02 - Acidente com vítima;114;BR-050/GO;Norte;Colisão Traseira;2;1;1;;;;1
13/11/2020;21:25:01;266;ac03 - Acidente com vítima ilesa;180,8;BR-050/MG;Sul;Colisão lateral no mesmo sentido;1;2;;;;;1
14/11/2020;19:16:16;201;ac01 - Acidente com vitima fatal;311,32;BR-050/GO;Norte;Colisão Traseira;1;0;;;;1;3
15/11/2020;10:48:51;87;ac02 - Acidente com vítima;185,75;BR-050/MG;Sul;Engavetamento;2;4;1;2;;;2
16/11/2020;17:35:45;247;ac03 - Acidente com vítima ilesa;163,6;BR-050/MG;Sul;Saida de Pista;1;2;;;;;1
18/11/2020;04:32:38;16;ac02 - Acidente com vítima;179,8;BR-050/MG;Norte;Colisão Traseira;2;1;;1;;;2
20/11/2020;06:23:14;42;ac03 - Acidente com vítima ilesa;178,25;BR-050/MG;Sul;Saida de Pista;1;1;;;;;1
21/11/2020;20:58:31;250;ac03 - Acidente com vítima ilesa;140,3;BR-050/MG;Norte;Choque - Sinalização;1;1;;;;;1
22/11/2020;04:43:54;20;ac02 - Acidente com vítima;233,6;BR-050/GO;Norte;Colisão Traseira;1;1;;2;;;2
22/11/2020;15:57:12;155;ac03 - Acidente com vítima ilesa;121,5;BR-050/MG;Sul;Colisão lateral no mesmo sentido;1;3;;;;;1
23/11/2020;13:26:50;135;ac03 - Acidente com vítima ilesa;5,8;Contorno;Norte;Colisão lateral no mesmo sentido;1;2;;;;;1
24/11/2020;07:53:57;57;ac03 - Acidente com vítima ilesa;206,5;BR-050/MG;Norte;Colisão Traseira;2;3;;;;;1
24/11/2020;12:51:14;153;ac03 - Acidente com vítima ilesa;104,9;BR-050/MG;Norte;Colisão Traseira;1;2;;;;;1
25/11/2020;04:30:11;26;ac02 - Acidente com vítima;133,8;BR-050/MG;Norte;Choque - New jersey;1;0;1;;;;1
26/11/2020;11:10:21;123;ac02 - Acidente com vítima;141,8;BR-050/MG;Norte;Tombamento;2;0;2;;;;1
26/11/2020;15:46:13;194;ac03 - Acidente com vítima ilesa;82,4;BR-050/MG;Norte;Colisão lateral no mesmo sentido;2;4;;;;;1
27/11/2020;23:41:59;302;ac03 - Acidente com vítima ilesa;145,75;BR-050/MG;Sul;Saida de Pista;1;1;;;;;1
29/11/2020;11:18:33;92;ac03 - Acidente com vítima ilesa;251,2;BR-050/GO;Norte;Colisão lateral no mesmo sentido;1;0;;;;;1
30/11/2020;13:09:10;159;ac03 - Acidente com vítima ilesa;27,98;BR-050/MG;Sul;Choque - Defensa metálica;1;1;;;;;1
30/11/2020;19:50:36;278;ac02 - Acidente com vítima;273;BR-050/GO;Norte;Choque - Veiculo parado na pista;1;0;;;1;;2
01/12/2020;21:35:58;300;ac03 - Acidente com vítima ilesa;138,5;BR-050/MG;Norte;Colisão Traseira;2;2;;;;;1
01/12/2020;23:21:07;311;ac02 - Acidente com vítima;162;BR-050/MG;Norte;Tombamento;1;0;1;;;;1
03/12/2020;05:22:16;25;ac02 - Acidente com vítima;133;BR-050/GO;Norte;Tombamento;1;0;2;;;;1
04/12/2020;21:37:30;341;ac02 - Acidente com vítima;21,85;BR-050/MG;Norte;Colisão Traseira;1;1;;1;;;2
06/12/2020;00:49:52;5;ac02 - Acidente com vítima;179;BR-050/MG;Norte;Choque - Sinalização;1;0;1;;;;1
06/12/2020;17:49:22;198;ac01 - Acidente com vitima fatal;128,5;BR-050/MG;Norte;Colisão Traseira;1;0;2;;;1;3
06/12/2020;23:23:45;266;ac03 - Acidente com vítima ilesa;162;BR-050/MG;Norte;Tombamento;1;1;;;;;1
08/12/2020;05:21:15;19;ac03 - Acidente com vítima ilesa;128,9;BR-050/MG;Norte;Tombamento;1;1;;;;;1
08/12/2020;18:43:27;228;ac03 - Acidente com vítima ilesa;96;BR-050/GO;Norte;Colisão Transversal;1;1;;;;;1
09/12/2020;05:19:28;30;ac03 - Acidente com vítima ilesa;115,35;BR-050/MG;Sul;Choque - Defensa metálica;1;1;;;;;1
09/12/2020;23:04:50;310;ac02 - Acidente com vítima;115;BR-050/GO;Sul;Colisão lateral no mesmo sentido;2;1;1;;;;1
10/12/2020;03:04:22;19;ac02 - Acidente com vítima;168;BR-050/GO;Sul;Tombamento;1;0;;1;;;2
10/12/2020;08:23:08;85;ac03 - Acidente com vítima ilesa;174;BR-050/MG;Norte;Colisão Traseira;1;3;;;;;1
11/12/2020;12:36:07;136;ac03 - Acidente com vítima ilesa;77,3;BR-050/MG;Norte;Colisão lateral no mesmo sentido;1;3;;;;;1
12/12/2020;01:32:38;9;ac03 - Acidente com vítima ilesa;263;BR-050/GO;Sul;Choque - Elemento de Drenagem;1;1;;;;;1
14/12/2020;07:14:01;58;ac03 - Acidente com vítima ilesa;166,75;BR-050/GO;Sul;Choque - Elemento de Drenagem;1;1;;;;;1
15/12/2020;10:25:17;103;ac02 - Acidente com vítima;105,7;BR-050/MG;Norte;Atropelamento - Funcionário;1;1;;1;;;2
16/12/2020;16:16:19;217;ac02 - Acidente com vítima;42;BR-050/MG;Sul;Colisão Traseira;2;1;1;;;;1
16/12/2020;23:10:55;300;ac02 - Acidente com vítima;307,5;BR-050/GO;Sul;Choque - New jersey;1;0;;1;;;2
18/12/2020;17:13:08;273;ac03 - Acidente com vítima ilesa;157,35;BR-050/MG;Sul;Colisão lateral no mesmo sentido;1;4;;;;;1
19/12/2020;13:05:51;169;ac02 - Acidente com vítima;203,07;BR-050/MG;Sul;Choque - Outros;1;1;;1;;;2
19/12/2020;16:05:00;213;ac03 - Acidente com vítima ilesa;280,71;BR-050/GO;Sul;Colisão Transversal;1;2;;;;;1
21/12/2020;04:30:39;31;ac03 - Acidente com vítima ilesa;90,52;BR-050/MG;Norte;Choque - Outros;1;2;;;;;1
21/12/2020;18:32:37;274;ac03 - Acidente com vítima ilesa;176,1;BR-050/MG;Norte;Choque - New jersey;1;2;;;;;1
21/12/2020;22:00:52;319;ac02 - Acidente com vítima;53;BR-050/MG;Sul;Choque - New jersey;1;0;1;;;;1
22/12/2020;00:19:26;1;ac03 - Acidente com vítima ilesa;100;BR-050/MG;Norte;Colisão Traseira;2;2;;;;;1
23/12/2020;03:01:28;15;ac03 - Acidente com vítima ilesa;175,4;BR-050/GO;Norte;Colisão Traseira;2;3;;;;;1
28/12/2020;11:28:47;115;ac02 - Acidente com vítima;147,85;BR-050/MG;Sul;Tombamento;1;0;1;;;;1
29/12/2020;03:52:24;12;ac03 - Acidente com vítima ilesa;197,1;BR-050/GO;Sul;Choque - Talude ou Barranco;1;1;;;;;1
29/12/2020;17:39:13;192;ac02 - Acidente com vítima;140,55;BR-050/MG;Norte;Choque - Arvore;1;0;1;;;;1
29/12/2020;23:42:32;246;ac03 - Acidente com vítima ilesa;179;BR-050/MG;Sul;Choque - Talude ou Barranco;1;1;;;;;1
30/12/2020;20:51:52;267;ac03 - Acidente com vítima ilesa;40,9;BR-050/MG;Sul;Tombamento;1;1;;;;;1
01/01/2021;07:30:34;36;ac02 - Acidente com vítima;177,92;BR-050/GO;Sul;Colisão Frontal;1;1;;1;;;2
04/01/2021;15:13:48;167;ac02 - Acidente com vítima;177,3;BR-050/MG;Sul;Tombamento;1;0;;1;;;2
06/01/2021;00:16:23;4;ac03 - Acidente com vítima ilesa;305;BR-050/GO;Norte;Colisão Traseira;1;34;;;;;1
06/01/2021;04:25:49;20;ac02 - Acidente com vítima;147,3;BR-050/MG;Norte;Colisão Traseira;2;1;1;;;;1
07/01/2021;07:15:53;53;ac03 - Acidente com vítima ilesa;167;BR-050/MG;Norte;Colisão lateral no mesmo sentido;1;2;;;;;1
08/01/2021;07:31:16;42;ac03 - Acidente com vítima ilesa;180,35;BR-050/MG;Norte;Colisão lateral no mesmo sentido;1;2;;;;;1
10/01/2021;05:39:37;23;ac02 - Acidente com vítima;54,14;BR-050/MG;Sul;Tombamento;1;0;3;;;;1
10/01/2021;09:02:57;61;ac02 - Acidente com vítima;2;BR-050/MG;Norte;Choque - Elemento de Drenagem;1;0;1;;;;1
12/01/2021;03:37:35;26;ac02 - Acidente com vítima;127,7;BR-050/MG;Norte;Colisão Traseira;2;0;2;;;;1
12/01/2021;04:31:30;33;ac03 - Acidente com vítima ilesa;280,5;BR-050/GO;Norte;Choque - Elemento de Drenagem;1;1;;;;;1
12/01/2021;12:44:22;149;ac02 - Acidente com vítima;148,05;BR-050/MG;Sul;Choque - Arvore;1;0;;1;;;2
12/01/2021;14:35:43;173;ac01 - Acidente com vitima fatal;172,4;BR-050/MG;Norte;Atropelamento - Pedestre;1;0;1;;;1;3
12/01/2021;17:40:30;218;ac03 - Acidente com vítima ilesa;21,6;BR-050/MG;Norte;Choque - Veiculo parado no acostamento;1;0;;;;;1
13/01/2021;01:33:04;11;ac03 - Acidente com vítima ilesa;218,199;BR-050/GO;Sul;Tombamento;1;1;;;;;1
13/01/2021;12:22:09;124;ac01 - Acidente com vitima fatal;99,3;BR-050/MG;Norte;Colisão Frontal;1;1;;2;;1;3
13/01/2021;12:32:24;126;ac03 - Acidente com vítima ilesa;169,8;BR-050/MG;Sul;Colisão Traseira;2;2;;;;;1
13/01/2021;17:27:50;200;ac03 - Acidente com vítima ilesa;198,17;BR-050/MG;Norte;Colisão Traseira;1;2;;;;;1
14/01/2021;10:14:36;97;ac02 - Acidente com vítima;20;BR-050/MG;Sul;Colisão lateral no sentido contrário;1;1;3;;;;1
15/01/2021;11:15:55;116;ac03 - Acidente com vítima ilesa;178,69;BR-050/MG;Norte;Tombamento;1;1;;;;;1
15/01/2021;14:42:28;169;ac03 - Acidente com vítima ilesa;177,8;BR-050/MG;Sul;Colisão Traseira;1;2;;;;;1
16/01/2021;00:39:05;8;ac03 - Acidente com vítima ilesa;214,7;BR-050/GO;Sul;Colisão Traseira;1;6;;;;;1
17/01/2021;08:06:32;38;ac03 - Acidente com vítima ilesa;31,1;BR-050/MG;Norte;Colisão lateral no sentido contrário;2;2;;;;;1
18/01/2021;23:54:40;299;ac02 - Acidente com vítima;28,7;BR-050/MG;Norte;Tombamento;1;2;1;;;;1
19/01/2021;00:07:28;4;ac03 - Acidente com vítima ilesa;1,3;Contorno;Norte;Choque - Defensa metálica;1;1;;;;;1
19/01/2021;13:04:49;154;ac02 - Acidente com vítima;306,4;BR-050/GO;Sul;Tombamento;1;0;;1;;;2
20/01/2021;22:03:04;294;ac03 - Acidente com vítima ilesa;101,1;BR-050/MG;Norte;Colisão Traseira;1;3;;;;;1
22/01/2021;17:18:07;232;ac03 - Acidente com vítima ilesa;151,54;BR-050/MG;Sul;Choque - Talude ou Barranco;1;1;;;;;1
22/01/2021;18:15:43;248;ac03 - Acidente com vítima ilesa;180;BR-050/MG;Sul;Colisão lateral no mesmo sentido;1;4;;;;;1
22/01/2021;20:55:19;285;ac03 - Acidente com vítima ilesa;152,3;BR-050/MG;Norte;Colisão lateral no mesmo sentido;1;1;;;;;1
22/01/2021;22:10:58;299;ac03 - Acidente com vítima ilesa;271,6;BR-050/GO;Norte;Colisão Traseira;2;2;;;;;1
23/01/2021;12:27:48;128;ac03 - Acidente com vítima ilesa;171,15;BR-050/MG;Norte;Colisão Traseira;1;3;;;;;1
23/01/2021;20:44:31;254;ac01 - Acidente com vitima fatal;187,15;BR-050/GO;Norte;Colisão Traseira;1;3;;;;1;3
26/01/2021;17:41:08;239;ac02 - Acidente com vítima;147,4;BR-050/MG;Sul;Choque - Defensa metálica;1;0;;;1;;2
27/01/2021;08:06:21;42;ac03 - Acidente com vítima ilesa;181,5;BR-050/GO;Norte;Choque - Meio fio;1;1;;;;;1
27/01/2021;13:15:10;150;ac02 - Acidente com vítima;59,8;BR-050/MG;Sul;Colisão Traseira;1;1;;2;;;2
29/01/2021;13:02:25;151;ac02 - Acidente com vítima;178,25;BR-050/MG;Norte;Colisão Traseira;1;1;1;;;;1
30/01/2021;00:16:32;1;ac02 - Acidente com vítima;170,5;BR-050/MG;Sul;Colisão Traseira;2;1;;;1;;2
30/01/2021;09:52:41;77;ac03 - Acidente com vítima ilesa;59,35;BR-050/MG;Sul;Choque - Elemento de Drenagem;1;6;;;;;1
30/01/2021;23:54:35;255;ac03 - Acidente com vítima ilesa;224,5;BR-050/GO;Sul;Choque - Outros;1;1;;;;;1
01/02/2021;01:14:34;4;ac03 - Acidente com vítima ilesa;158,8;BR-050/GO;Norte;Choque - Sinalização;1;1;;;;;1
02/02/2021;12:00:44;124;ac02 - Acidente com vítima;279,4;BR-050/GO;Norte;Choque - Veiculo parado no acostamento;1;1;;1;;;2
03/02/2021;08:16:58;50;ac03 - Acidente com vítima ilesa;176,1;BR-050/MG;Norte;Engavetamento;2;5;;;;;1
05/02/2021;10:43:23;122;ac02 - Acidente com vítima;96,1;BR-050/GO;Norte;Colisão Transversal;1;1;1;;;;1
05/02/2021;12:22:13;154;ac02 - Acidente com vítima;45,1;BR-050/MG;Sul;Choque - Defensa metálica;1;0;1;;;;1
06/02/2021;13:43:33;140;ac02 - Acidente com vítima;148,4;BR-050/MG;Sul;Capotamento;1;1;1;;;;1
06/02/2021;16:45:23;192;ac03 - Acidente com vítima ilesa;198;BR-050/MG;Sul;Engavetamento;1;8;;;;;1
07/02/2021;16:35:49;182;ac03 - Acidente com vítima ilesa;221,025;BR-050/GO;Norte;Choque - Sinalização;1;1;;;;;1
07/02/2021;20:52:02;237;ac01 - Acidente com vitima fatal;50,3;BR-050/MG;Sul;Atropelamento - Pedestre;1;0;;;;1;3
08/02/2021;11:46:55;115;ac02 - Acidente com vítima;192,25;BR-050/MG;Sul;Engavetamento;1;4;;1;;;2
08/02/2021;16:33:31;164;ac02 - Acidente com vítima;174;BR-050/MG;Norte;Choque - New jersey;1;0;1;1;;;2
09/02/2021;13:36:14;160;ac02 - Acidente com vítima;55,6;BR-050/MG;Norte;Choque - New jersey;1;0;1;;;;1
09/02/2021;17:48:45;218;ac03 - Acidente com vítima ilesa;147,1;BR-050/MG;Norte;Choque - Defensa metálica;1;1;;;;;1
09/02/2021;18:02:00;223;ac02 - Acidente com vítima;147,75;BR-050/MG;Sul;Choque - Elemento de Drenagem;1;1;;1;;;2
09/02/2021;20:44:00;256;ac02 - Acidente com vítima;310;BR-050/GO;Norte;Colisão lateral no sentido contrário;1;1;;;1;;2
11/02/2021;09:29:58;102;ac02 - Acidente com vítima;301,3;BR-050/GO;Norte;Colisão Traseira;2;2;;2;;;2
11/02/2021;13:26:35;176;ac03 - Acidente com vítima ilesa;6,5;BR-050/MG;Norte;Choque - Veiculo parado no acostamento;2;2;;;;;1
11/02/2021;16:32:26;216;ac03 - Acidente com vítima ilesa;34,7;BR-050/MG;Sul;Choque - Veiculo parado no acostamento;1;2;;;;;1
12/02/2021;04:19:13;31;ac03 - Acidente com vítima ilesa;181,2;BR-050/MG;Sul;Atropelamento de Animal;1;1;;;;;1
12/02/2021;07:37:53;64;ac03 - Acidente com vítima ilesa;42;BR-050/MG;Norte;Engavetamento;2;3;;;;;1
12/02/2021;13:56:41;178;ac02 - Acidente com vítima;30,4;BR-050/MG;Norte;Choque - Defensa metálica;1;0;1;1;;;2
13/02/2021;20:17:41;245;ac03 - Acidente com vítima ilesa;136;BR-050/MG;Sul;Choque - Outros;1;2;;;;;1
16/02/2021;11:39:19;165;ac03 - Acidente com vítima ilesa;176;BR-050/MG;Sul;Choque - Defensa metálica;1;2;;;;;1
16/02/2021;17:36:50;264;ac03 - Acidente com vítima ilesa;179;BR-050/MG;Sul;Colisão lateral no mesmo sentido;1;4;;;;;1
16/02/2021;18:24:01;281;ac02 - Acidente com vítima;82;BR-050/MG;Norte;Colisão Traseira;1;1;2;;;;1
18/02/2021;05:51:57;24;ac02 - Acidente com vítima;17,42;BR-050/MG;Norte;Choque - Veiculo parado no acostamento;1;1;;;1;;2
18/02/2021;10:41:57;106;ac02 - Acidente com vítima;37,8;BR-050/MG;Sul;Choque - Veiculo parado no acostamento;1;1;;2;1;;2
18/02/2021;13:12:59;152;ac03 - Acidente com vítima ilesa;198;BR-050/MG;Norte;Choque - Veiculo parado na pista;2;1;;;;;1
19/02/2021;13:32:29;156;ac02 - Acidente com vítima;201,4;BR-050/GO;Sul;Colisão lateral no mesmo sentido;1;1;1;;;;1
19/02/2021;17:19:39;236;ac02 - Acidente com vítima;18;Contorno;Sul;Colisão lateral no mesmo sentido;1;1;2;;;;1
19/02/2021;20:50:27;297;ac03 - Acidente com vítima ilesa;262;BR-050/GO;Norte;Colisão Traseira;2;2;;;;;1
21/02/2021;13:59:21;132;ac02 - Acidente com vítima;46,7;BR-050/MG;Norte;Colisão Transversal;1;4;;1;;;2
22/02/2021;07:01:07;39;ac03 - Acidente com vítima ilesa;13;BR-050/MG;Norte;Colisão Traseira;1;2;;;;;1
22/02/2021;14:52:04;149;ac03 - Acidente com vítima ilesa;14,1;BR-050/MG;Norte;Choque - Defensa metálica;1;1;;;;;1
22/02/2021;20:47:26;233;ac03 - Acidente com vítima ilesa;104,25;BR-050/MG;Sul;Colisão Traseira;2;2;;;;;1
23/02/2021;10:23:31;127;ac02 - Acidente com vítima;204,88;BR-050/MG;Norte;Atropelamento - Pedestre;1;1;;1;;;2
23/02/2021;11:41:10;164;ac03 - Acidente com vítima ilesa;206,55;BR-050/MG;Sul;Colisão Traseira;2;2;;;;;1
24/02/2021;10:25:16;119;ac03 - Acidente com vítima ilesa;259,6;BR-050/GO;Norte;Capotamento;1;1;;;;;1
25/02/2021;02:25:14;12;ac03 - Acidente com vítima ilesa;133,5;BR-050/GO;Norte;Tombamento;1;1;;;;;1
25/02/2021;12:49:42;123;ac02 - Acidente com vítima;178,6;BR-050/MG;Norte;Choque - Meio fio;1;0;1;;;;1
25/02/2021;15:07:45;146;ac03 - Acidente com vítima ilesa;193;BR-050/MG;Sul;Colisão lateral no mesmo sentido;1;2;;;;;1
25/02/2021;17:15:19;176;ac03 - Acidente com vítima ilesa;79;BR-050/MG;Sul;Colisão Traseira;2;3;;;;;1
26/02/2021;16:14:59;205;ac03 - Acidente com vítima ilesa;189,1;BR-050/MG;Sul;Colisão Traseira;1;33;;;;;1
26/02/2021;23:35:49;287;ac03 - Acidente com vítima ilesa;21,1;BR-050/MG;Sul;Choque - Elemento de Drenagem;1;1;;;;;1
27/02/2021;13:05:24;184;ac03 - Acidente com vítima ilesa;52,9;BR-050/MG;Sul;Choque - Sinalização;1;1;;;;;1
27/02/2021;15:08:31;216;ac03 - Acidente com vítima ilesa;1,54;BR-050/MG;Sul;Tombamento;1;3;;;;;1
01/03/2021;20:57:07;229;ac03 - Acidente com vítima ilesa;98;BR-050/GO;Sul;Colisão Transversal;1;7;;;;;1
02/03/2021;20:03:00;268;ac03 - Acidente com vítima ilesa;176;BR-050/MG;Norte;Colisão lateral no mesmo sentido;1;3;;;;;1
02/03/2021;20:15:00;281;ac03 - Acidente com vítima ilesa;176,3;BR-050/MG;Norte;Colisão Traseira;2;2;;;;;1
02/03/2021;21:47:15;289;ac02 - Acidente com vítima;60,84;BR-050/MG;Norte;Colisão Traseira;1;4;1;;;;1
03/03/2021;05:37:40;21;ac03 - Acidente com vítima ilesa;179;BR-050/MG;Norte;Choque - Outros;1;1;;;;;1
03/03/2021;23:15:30;342;ac03 - Acidente com vítima ilesa;29,9;BR-050/MG;Norte;Choque - Elemento de Drenagem;1;1;;;;;1
04/03/2021;04:38:44;21;ac02 - Acidente com vítima;82;BR-050/MG;Norte;Colisão Traseira;1;1;1;;;;1
04/03/2021;05:58:09;24;ac03 - Acidente com vítima ilesa;249,8;BR-050/GO;Sul;Choque - Elemento de Drenagem;1;2;;;;;1
04/03/2021;09:29:35;90;ac03 - Acidente com vítima ilesa;244,1;BR-050/GO;Norte;Tombamento;1;1;;;;;1
05/03/2021;19:48:26;275;ac03 - Acidente com vítima ilesa;54,8;BR-050/MG;Norte;Choque - Elemento de Drenagem;1;1;;;;;1
06/03/2021;16:06:27;187;ac02 - Acidente com vítima;27,6;BR-050/MG;Sul;Choque - Defensa metálica;1;0;;1;;;2
07/03/2021;16:10:41;146;ac03 - Acidente com vítima ilesa;57,82;BR-050/MG;Norte;Colisão lateral no mesmo sentido;1;2;;;;;1
10/03/2021;14:14:57;198;ac03 - Acidente com vítima ilesa;97,7;BR-050/GO;Norte;Colisão lateral no mesmo sentido;1;2;;;;;1
11/03/2021;07:21:12;56;ac02 - Acidente com vítima;81;BR-050/MG;Sul;Colisão Traseira;1;1;;1;;;2
11/03/2021;15:50:55;250;ac03 - Acidente com vítima ilesa;136,1;BR-050/MG;Sul;Choque - Talude ou Barranco;1;1;;;;;1
11/03/2021;21:37:01;364;ac01 - Acidente com vitima fatal;83,5;BR-050/MG;Sul;Colisão Traseira;1;1;;;;1;3
12/03/2021;09:32:04;79;ac02 - Acidente com vítima;200,4;BR-050/MG;Sul;Choque - New jersey;1;1;;1;;;2
12/03/2021;13:18:02;158;ac02 - Acidente com vítima;49,8;BR-050/MG;Sul;Choque - Elemento de Drenagem;1;2;4;;;;1
12/03/2021;14:23:26;175;ac03 - Acidente com vítima ilesa;20,36;BR-050/MG;Sul;Colisão lateral no mesmo sentido;2;3;;;;;1
14/03/2021;14:52:46;148;ac02 - Acidente com vítima;143;BR-050/MG;Sul;Choque - Veiculo parado no acostamento;1;1;1;;;;1
15/03/2021;13:06:31;182;ac02 - Acidente com vítima;111;BR-050/GO;Sul;Choque - Meio fio;1;0;1;;;;1
15/03/2021;20:41:18;306;ac03 - Acidente com vítima ilesa;179;BR-050/MG;Norte;Choque - Elemento de Drenagem;1;1;;;;;1