data;horario;n_da_ocorrencia;tipo_de_ocorrencia;km;trecho;sentido;tipo_de_acidente;caminhao;ilesos;levemente_feridos;moderadamente_feridos;gravemente_feridos;mortos;3
05/05/2022;04:03:00;32;Com vítima;82,100;BR-50/MG;Decrescente;Colisão traseira;1;1;0;1;0;0;2
08/05/2022;11:10:00;98;Sem vítima;140,300;BR-50/MG;Decrescente;Tombamento;1;1;0;0;0;0;1
12/05/2022;15:08:00;206;Sem vítima;57,100;BR-50/MG;Decrescente;Choque;1;3;0;0;0;0;1
13/05/2022;15:13:00;272;Sem vítima;180,000;BR-50/MG;Crescente;Colisão traseira;1;4;0;0;0;0;1
13/05/2022;18:53:00;350;Sem vítima;17,000;Contorno de Uberlândia/MG;Crescente;Colisão traseira;1;2;0;0;0;0;1
14/05/2022;16:50:00;270;Sem vítima;53,100;BR-50/MG;Decrescente;Choque;1;1;0;0;0;0;1
16/05/2022;00:54:00;5;Com vítima;160,700;BR-50/MG;Crescente;Tombamento;1;0;0;1;0;0;2
21/05/2022;16:26:00;204;Sem vítima;65,000;BR-50/MG;Crescente;Tombamento;1;1;0;0;0;0;1
26/05/2022;22:11:00;338;Sem vítima;29,000;BR-50/MG;Crescente;Colisão traseira;1;3;0;0;0;0;1
28/05/2022;03:15:00;28;Sem vítima;139,400;BR-50/MG;Decrescente;Tombamento;1;3;0;0;0;0;1
28/05/2022;05:13:00;44;Sem vítima;157,700;BR-50/MG;Crescente;Atropelamento de animal;1;1;0;0;0;0;1
31/05/2022;23:41:00;354;Com vítima;199,800;BR-50/MG;Crescente;Tombamento;1;0;1;0;0;0;1
05/06/2022;10:41:00;101;Sem vítima;79,500;BR-50/MG;Crescente;Choque;1;3;0;0;0;0;1
12/06/2022;06:00:00;44;Sem vítima;80,000;BR-50/MG;Crescente;Atropelamento de animal;1;1;0;0;0;0;1
12/06/2022;21:30:00;295;Com vítima;115,500;BR-50/MG;Decrescente;Tombamento;1;0;1;0;0;0;1
18/06/2022;11:02:00;117;Com vítima;61,000;BR-50/MG;Decrescente;Colisão traseira;1;2;1;0;0;0;1
22/06/2022;15:16:00;208;Sem vítima;61,550;BR-50/MG;Crescente;Tombamento;1;1;0;0;0;0;1
24/06/2022;18:46:00;281;Com vítima;88,550;BR-50/MG;Crescente;Colisão traseira;1;2;2;0;0;1;3
28/06/2022;06:40:00;34;Com vítima;43,600;BR-50/MG;Decrescente;Colisão traseira;1;1;1;0;0;0;1
29/06/2022;13:14:00;178;Sem vítima;273,400;BR-50/MG;Crescente;Colisão transversal;1;3;0;0;0;0;1
30/06/2022;10:44:00;117;Sem vítima;178,200;BR-50/MG;Crescente;Acidentes de outra natureza;1;2;0;0;0;0;1
01/07/2022;09:03:00;78;Sem vítima;174,000;BR-50/MG;Crescente;Colisão traseira;1;2;0;0;0;0;1
02/07/2022;11:30:00;107;Sem vítima;77,300;BR-50/MG;Decrescente;Colisão traseira;1;5;0;0;0;0;1
04/07/2022;00:21:00;6;Com vítima;235,750;BR-50/MG;Crescente;Capotamento;1;0;0;0;1;0;2
11/07/2022;14:11:00;193;Sem vítima;106,750;BR-50/MG;Decrescente;Colisão traseira;1;3;0;0;0;0;1
14/07/2022;19:26:00;281;Sem vítima;25,700;BR-50/MG;Decrescente;Choque;1;1;0;0;0;0;1
21/07/2022;15:19:00;239;Com vítima;19,500;BR-50/MG;Crescente;Colisão traseira;1;3;2;0;0;0;1
23/07/2022;10:48:00;141;Com vítima;98,800;BR-50/MG;Decrescente;Colisão lateral no mesmo sentido;1;5;2;0;0;0;1
25/07/2022;15:38:00;218;Sem vítima;171,700;BR-50/MG;Decrescente;Choque;1;1;0;0;0;0;1
25/07/2022;15:59:00;225;Sem vítima;171,600;BR-50/MG;Decrescente;Colisão traseira;2;2;0;0;0;0;1
26/07/2022;21:07:00;318;Sem vítima;96,400;BR-50/MG;Decrescente;Colisão traseira;1;3;0;0;0;0;1
27/07/2022;15:27:00;246;Sem vítima;190,000;BR-50/MG;Crescente;Colisão traseira;1;2;0;0;0;0;1
27/07/2022;21:22:00;343;Com vítima;115,300;BR-50/MG;Decrescente;Colisão traseira;1;0;1;0;0;1;3
28/07/2022;17:47:00;290;Com vítima;9,800;Contorno de Uberlândia/MG;Decrescente;Colisão traseira;1;3;0;1;0;0;2
29/07/2022;18:47:00;337;Com vítima;169,500;BR-50/MG;Crescente;Choque;1;1;1;0;0;0;1
01/08/2022;07:35:00;51;Com vítima;172,150;BR-50/MG;Decrescente;Engavetamento;1;4;2;0;0;0;1
01/08/2022;13:16:00;177;Com vítima;188,000;BR-50/MG;Crescente;Choque;1;0;1;0;1;0;2
03/08/2022;14:37:00;203;Sem vítima;128,000;BR-50/MG;Crescente;Choque;1;3;0;0;0;0;1
08/08/2022;12:08:00;165;Sem vítima;182,000;BR-50/MG;Crescente;Colisão traseira;2;2;0;0;0;0;1
09/08/2022;12:08:00;183;Sem vítima;184,000;BR-50/MG;Crescente;Colisão lateral no mesmo sentido;1;2;0;0;0;0;1
10/08/2022;05:42:00;17;Com vítima;29,060;BR-50/MG;Decrescente;Choque;1;1;1;0;0;0;1
10/08/2022;14:03:00;156;Sem vítima;180,000;BR-50/MG;Decrescente;Colisão lateral no mesmo sentido;1;2;0;0;0;0;1
12/08/2022;20:23:00;327;Sem vítima;63,500;BR-50/MG;Decrescente;Choque;1;2;0;0;0;0;1
15/08/2022;03:22:00;15;Com vítima;16,970;BR-50/MG;Decrescente;Tombamento;1;0;0;1;0;0;2
15/08/2022;13:13:00;130;Sem vítima;169,000;BR-50/MG;Decrescente;Tombamento;1;1;0;0;0;0;1
16/08/2022;05:51:00;36;Com vítima;261,730;BR-50/MG;Crescente;Colisão traseira;2;0;2;0;0;0;1
17/08/2022;00:09:00;1;Sem vítima;156,100;BR-50/MG;Decrescente;Choque;1;1;0;0;0;0;1
17/08/2022;05:14:00;19;Com vítima;80,350;BR-50/MG;Decrescente;Colisão traseira;1;1;0;1;0;0;2
17/08/2022;15:03:00;212;Com vítima;19,800;BR-50/MG;Decrescente;Capotamento;1;0;0;1;0;0;2
18/08/2022;16:56:00;323;Com vítima;104,300;BR-50/MG;Decrescente;Colisão traseira;1;0;2;0;0;1;3
20/08/2022;10:52:00;138;Com vítima;82,150;BR-50/MG;Decrescente;Colisão traseira;1;1;0;1;0;0;2
25/08/2022;03:02:00;20;Sem vítima;179,700;BR-50/MG;Crescente;Tombamento;1;2;0;0;0;0;1
27/08/2022;14:36:00;190;Sem vítima;9,200;BR-50/MG;Crescente;Colisão traseira;1;0;0;0;0;0;1
31/08/2022;05:28:00;44;Com vítima;168,680;BR-50/MG;Decrescente;Colisão traseira;2;1;1;0;0;0;1
02/09/2022;20:16:00;319;Sem vítima;9,950;Contorno de Uberlândia/MG;Decrescente;Colisão traseira;1;2;0;0;0;0;1
02/09/2022;21:30:00;339;Com vítima;112,500;BR-50/MG;Decrescente;Colisão traseira;1;0;0;0;2;2;3
03/09/2022;22:45:00;334;Com vítima;190,170;BR-50/MG;Decrescente;Colisão traseira;1;1;0;0;1;0;2
06/09/2022;11:19:00;167;Sem vítima;84,400;BR-50/MG;Decrescente;Colisão lateral no mesmo sentido;1;4;0;0;0;0;1
11/09/2022;03:57:00;24;Com vítima;95,700;BR-50/MG;Decrescente;Colisão lateral em sentido contrário;1;1;3;0;0;0;1
11/09/2022;04:37:00;31;Com vítima;27,600;BR-50/MG;Decrescente;Atropelamento de pedestre;1;1;0;1;0;0;2
19/09/2022;01:52:00;18;Com vítima;29,700;BR-50/MG;Decrescente;Acidentes de outra natureza;1;0;0;1;0;0;2
20/09/2022;07:11:00;36;Sem vítima;96,300;BR-50/MG;Decrescente;Colisão traseira;2;3;0;0;0;0;1
21/09/2022;19:13:00;331;Com vítima;148,500;BR-50/MG;Decrescente;Colisão lateral em sentido contrário;1;1;1;0;0;0;1
22/09/2022;11:02:00;182;Sem vítima;276,400;BR-50/MG;Decrescente;Choque;1;1;0;0;0;0;1
23/09/2022;19:57:00;314;Sem vítima;156,300;BR-50/MG;Decrescente;Colisão traseira;1;2;0;0;0;0;1
27/09/2022;14:59:00;218;Com vítima;60,100;BR-50/MG;Decrescente;Tombamento;1;0;2;0;0;0;1
29/09/2022;08:13:00;83;Sem vítima;132,000;BR-50/MG;Decrescente;Colisão lateral no mesmo sentido;1;4;0;0;0;0;1
29/09/2022;15:12:00;253;Sem vítima;0,300;BR-50/MG;Decrescente;Colisão lateral em sentido contrário;1;2;0;0;0;0;1
01/10/2022;04:52:00;28;Com vítima;277,000;BR-50/MG;Decrescente;Colisão frontal;1;3;0;0;1;1;3
01/10/2022;22:26:00;342;Sem vítima;156,000;BR-50/MG;Decrescente;Choque;1;1;0;0;0;0;1
04/10/2022;22:06:00;416;Sem vítima;98,000;BR-50/MG;Decrescente;Atropelamento de animal;1;1;0;0;0;0;1
06/10/2022;06:10:00;34;Sem vítima;92,800;BR-50/MG;Decrescente;Colisão traseira;1;2;0;0;0;0;1
11/10/2022;08:50:00;82;Sem vítima;178,300;BR-50/MG;Decrescente;Colisão traseira;1;2;0;0;0;0;1
14/10/2022;08:57:00;85;Sem vítima;114,150;BR-50/MG;Decrescente;Colisão traseira;1;4;0;0;0;0;1
15/10/2022;10:51:00;141;Sem vítima;85,300;BR-50/MG;Crescente;Colisão traseira;1;2;0;0;0;0;1
16/10/2022;22:31:00;363;Com vítima;106,800;BR-50/MG;Decrescente;Tombamento;1;0;0;1;0;0;2
19/10/2022;09:11:00;112;Sem vítima;97,160;BR-50/MG;Crescente;Colisão traseira;1;0;0;0;0;0;1
19/10/2022;16:42:00;299;Sem vítima;154,000;BR-50/MG;Crescente;Colisão lateral no mesmo sentido;1;5;0;0;0;0;1
20/10/2022;04:50:00;28;Com vítima;3,500;BR-50/MG;Crescente;Colisão traseira;1;1;0;1;0;0;2
20/10/2022;11:23:00;197;Com vítima;157,000;BR-50/MG;Decrescente;Tombamento;1;0;0;1;0;0;2
21/10/2022;01:06:00;4;Sem vítima;207,000;BR-50/MG;Decrescente;Choque;1;1;0;0;0;0;1
21/10/2022;01:42:00;8;Com vítima;173,000;BR-50/MG;Decrescente;Tombamento;1;0;1;0;0;0;1
21/10/2022;06:19:00;35;Com vítima;206,500;BR-50/MG;Crescente;Choque;1;0;1;0;0;0;1
23/10/2022;05:42:00;32;Sem vítima;214,500;BR-50/MG;Crescente;Choque;1;2;0;0;0;0;1
25/10/2022;02:15:00;22;Com vítima;101,000;BR-50/MG;Decrescente;Capotamento;1;0;0;0;1;0;2
25/10/2022;12:51:00;223;Com vítima;169,150;BR-50/MG;Decrescente;Engavetamento;1;1;0;1;1;0;2
25/10/2022;13:44:00;238;Com vítima;7,000;Contorno de Uberlândia/MG;Crescente;Colisão traseira;2;1;1;0;0;0;1
25/10/2022;16:45:00;290;Sem vítima;88,800;BR-50/MG;Crescente;Engavetamento;1;3;0;0;0;0;1
27/10/2022;13:54:00;249;Sem vítima;176,200;BR-50/MG;Decrescente;Choque;1;1;0;0;0;0;1
28/10/2022;10:26:00;193;Com vítima;172,000;BR-50/MG;Decrescente;Tombamento;1;2;0;1;0;0;2
29/10/2022;08:37:00;89;Com vítima;164,900;BR-50/MG;Decrescente;Atropelamento de pedestre;1;1;1;0;0;0;1
30/10/2022;20:20:00;324;Com vítima;168,070;BR-50/MG;Crescente;Choque;1;0;0;1;0;0;2
31/10/2022;14:14:00;217;Sem vítima;130,000;BR-50/MG;Crescente;Choque;1;1;0;0;0;0;1
03/11/2022;17:56:00;257;Sem vítima;192,000;BR-50/MG;Crescente;Colisão traseira;2;2;0;0;0;0;1
06/11/2022;09:56:00;129;Sem vítima;18,500;Contorno de Uberlândia/MG;Crescente;Capotamento;1;1;0;0;0;0;1
07/11/2022;04:57:00;31;Sem vítima;203,900;BR-50/MG;Decrescente;Choque;1;1;0;0;0;0;1
08/11/2022;13:40:00;200;Sem vítima;240,200;BR-50/MG;Decrescente;Tombamento;1;2;0;0;0;0;1
08/11/2022;14:45:00;229;Sem vítima;172,000;BR-50/MG;Decrescente;Colisão traseira;1;2;0;0;0;0;1
09/11/2022;10:23:00;150;Com vítima;84,050;BR-50/MG;Crescente;Choque;1;0;2;0;0;0;1
10/11/2022;21:07:00;401;Sem vítima;20,000;BR-50/MG;Crescente;Colisão traseira;1;2;0;0;0;0;1
11/11/2022;23:15:00;399;Sem vítima;201,800;BR-50/MG;Decrescente;Colisão traseira;2;1;0;0;0;0;1
17/11/2022;00:34:00;10;Sem vítima;10,500;BR-50/MG;Crescente;Colisão traseira;1;1;0;0;0;0;1
18/11/2022;02:27:00;16;Sem vítima;263,000;BR-50/MG;Crescente;Choque;1;1;0;0;0;0;1
18/11/2022;14:56:00;271;Sem vítima;153,700;BR-50/MG;Crescente;Choque;1;1;0;0;0;0;1
23/11/2022;12:04:00;167;Sem vítima;280,500;BR-50/MG;Crescente;Colisão traseira;1;2;0;0;0;0;1
24/11/2022;12:06:00;167;Com vítima;279,600;BR-50/MG;Decrescente;Colisão lateral no mesmo sentido;1;4;1;0;0;0;1
25/11/2022;23:37:00;393;Sem vítima;164,500;BR-50/MG;Decrescente;Choque;1;2;0;0;0;0;1
26/11/2022;15:53:00;222;Sem vítima;239,300;BR-50/MG;Crescente;Choque;1;1;0;0;0;0;1
28/11/2022;17:57:00;250;Sem vítima;281,150;BR-50/MG;Crescente;Choque;1;1;0;0;0;0;1
01/12/2022;22:33:00;402;Com vítima;206,000;BR-50/MG;Crescente;Tombamento;1;0;1;0;0;0;1
03/12/2022;01:20:00;6;Com vítima;125,400;BR-50/MG;Crescente;Tombamento;1;0;0;2;0;0;2
05/12/2022;20:28:00;328;Sem vítima;1,000;BR-50/MG;Decrescente;Choque;1;2;0;0;0;0;1
06/12/2022;17:30:00;283;Sem vítima;62,000;BR-50/MG;Crescente;Tombamento;1;2;0;0;0;0;1
11/12/2022;03:44:00;28;Sem vítima;113,700;BR-50/MG;Crescente;Tombamento;1;1;0;0;0;0;1
13/12/2022;12:59:00;156;Com vítima;194,000;BR-50/MG;Crescente;Tombamento;1;0;1;0;0;0;1
14/12/2022;06:08:00;38;Sem vítima;187,000;BR-50/MG;Decrescente;Choque;1;1;0;0;0;0;1
19/12/2022;20:03:00;339;Sem vítima;164,500;BR-50/MG;Decrescente;Choque;1;1;0;0;0;0;1
24/12/2022;18:13:00;302;Sem vítima;159,100;BR-50/MG;Crescente;Choque;1;1;0;0;0;0;1
26/12/2022;19:46:00;301;Sem vítima;60,100;BR-50/MG;Crescente;Colisão traseira;1;2;0;0;0;0;1
26/12/2022;20:01:00;304;Sem vítima;16,500;BR-50/MG;Crescente;Atropelamento de animal;1;2;0;0;0;0;1
28/12/2022;09:28:00;110;Sem vítima;164,750;BR-50/MG;Crescente;Colisão traseira;2;4;0;0;0;0;1
05/01/2023;13:43:00;203;Sem vítima;5,000;BR-50/MG;Crescente;Choque;1;1;0;0;0;0;1
05/01/2023;14:09:00;211;Com vítima;194,300;BR-50/MG;Crescente;Tombamento;1;0;1;0;0;0;1
06/01/2023;17:02:00;273;Sem vítima;163,500;BR-50/MG;Crescente;Colisão traseira;1;2;0;0;0;0;1
06/01/2023;19:46:00;320;Sem vítima;44,000;BR-50/MG;Decrescente;Colisão traseira;2;3;0;0;0;0;1
07/01/2023;00:09:00;1;Sem vítima;286,850;BR-50/MG;Decrescente;Choque;1;1;0;0;0;0;1
07/01/2023;08:07:00;79;Sem vítima;29,660;BR-50/MG;Crescente;Choque;1;2;0;0;0;0;1
10/01/2023;14:39:00;283;Sem vítima;25,000;BR-50/MG;Decrescente;Colisão traseira;1;2;0;0;0;0;1
12/01/2023;15:35:00;281;Sem vítima;53,740;BR-50/MG;Crescente;Colisão traseira;1;24;0;0;0;0;1
13/01/2023;16:00:00;297;Com vítima;194,000;BR-50/MG;Crescente;Choque;1;0;1;0;0;0;1
14/01/2023;15:56:00;304;Sem vítima;169,500;BR-50/MG;Decrescente;Choque;1;1;0;0;0;0;1
16/01/2023;02:22:00;10;Sem vítima;132,700;BR-50/MG;Decrescente;Colisão traseira;1;2;0;0;0;0;1
17/01/2023;18:48:00;316;Sem vítima;193,000;BR-50/MG;Crescente;Colisão lateral no mesmo sentido;1;4;0;0;0;0;1
17/01/2023;21:40:00;352;Com vítima;176,000;BR-50/MG;Decrescente;Choque;1;1;2;0;0;0;1
21/01/2023;02:29:00;9;Sem vítima;144,000;BR-50/MG;Decrescente;Colisão traseira;1;3;0;0;0;0;1
31/01/2023;05:44:00;29;Sem vítima;129,000;BR-50/MG;Decrescente;Tombamento;1;1;0;0;0;0;1
31/01/2023;14:19:00;253;Com vítima;206,570;BR-50/MG;Decrescente;Choque;1;0;2;0;0;0;1
31/01/2023;17:09:00;325;Com vítima;194,900;BR-50/MG;Crescente;Choque;1;0;1;0;0;0;1
01/02/2023;22:27:00;357;Sem vítima;97,000;BR-50/MG;Crescente;Atropelamento de animal;1;1;0;0;0;0;1
04/02/2023;22:49:00;347;Com vítima;96,200;BR-50/MG;Decrescente;Colisão traseira;1;0;2;0;0;0;1
08/02/2023;12:54:00;177;Sem vítima;206,900;BR-50/MG;Crescente;Choque;1;2;0;0;0;0;1
10/02/2023;14:09:00;192;Sem vítima;173,200;BR-50/MG;Decrescente;Choque;1;1;0;0;0;0;1
11/02/2023;08:28:00;74;Sem vítima;51,450;BR-50/MG;Crescente;Colisão traseira;1;2;0;0;0;0;1
14/02/2023;11:53:00;172;Sem vítima;198,650;BR-50/MG;Crescente;Choque;1;1;0;0;0;0;1
17/02/2023;07:35:00;55;Sem vítima;22,700;BR-50/MG;Decrescente;Choque;1;1;0;0;0;0;1
03/03/2023;02:49:00;17;Com vítima;166,000;BR-50/MG;Decrescente;Tombamento;1;0;1;0;0;0;1
03/03/2023;12:56:00;172;Sem vítima;58,500;BR-50/MG;Decrescente;Choque;1;1;0;0;0;0;1
04/03/2023;21:54:00;401;Sem vítima;169,400;BR-50/MG;Decrescente;Choque;1;1;0;0;0;0;1
09/03/2023;12:12:00;161;Com vítima;99,000;BR-50/MG;Decrescente;Colisão transversal;1;0;0;0;0;0;1
10/03/2023;21:06:00;400;Com vítima;165,000;BR-50/MG;Decrescente;Choque;1;0;1;0;0;0;1
13/03/2023;13:02:00;241;Com vítima;171,300;BR-50/MG;Decrescente;Choque;1;0;1;0;0;0;1
15/03/2023;04:10:00;33;Sem vítima;21,030;BR-50/MG;Crescente;Choque;1;1;0;0;0;0;1
19/03/2023;17:07:00;241;Com vítima;180,000;BR-50/MG;Crescente;Colisão lateral no mesmo sentido;1;1;0;1;0;0;2
22/03/2023;13:38:00;200;Sem vítima;236,650;BR-50/MG;Crescente;Colisão traseira;1;1;0;0;0;0;1
25/03/2023;14:15:00;204;Sem vítima;16,880;BR-50/MG;Crescente;Tombamento;1;1;0;0;0;0;1
27/03/2023;15:27:00;256;Sem vítima;37,000;BR-50/MG;Decrescente;Choque;1;1;0;0;0;0;1
28/03/2023;08:40:00;101;Com vítima;106,500;BR-50/MG;Decrescente;Tombamento;1;0;1;0;0;0;1
28/03/2023;19:30:00;281;Sem vítima;97,500;BR-50/MG;Crescente;Colisão transversal;1;0;0;0;0;0;1
29/03/2023;07:39:00;85;Sem vítima;122,100;BR-50/MG;Decrescente;Choque;1;1;0;0;0;0;1
03/04/2023;09:35:00;121;Com vítima;147,300;BR-50/MG;Crescente;Capotamento;1;0;1;0;0;0;1
03/04/2023;17:13:00;256;Sem vítima;171,000;BR-50/MG;Decrescente;Choque;1;1;0;0;0;0;1
05/04/2023;00:26:00;2;Sem vítima;262,430;BR-50/MG;Decrescente;Atropelamento de animal;1;1;0;0;0;0;1
06/04/2023;01:00:00;10;Sem vítima;105,600;BR-50/MG;Decrescente;Tombamento;1;1;0;0;0;0;1
06/04/2023;23:28:00;425;Sem vítima;302,000;BR-50/MG;Decrescente;Choque;1;1;0;0;0;0;1
12/04/2023;20:17:00;278;Sem vítima;164,700;BR-50/MG;Decrescente;Choque;1;1;0;0;0;0;1
13/04/2023;15:14:00;241;Sem vítima;140,800;BR-50/MG;Crescente;Choque;1;1;0;0;0;0;1
14/04/2023;15:04:00;233;Sem vítima;167,350;BR-50/MG;Crescente;Colisão lateral no mesmo sentido;1;1;0;0;0;0;1
14/04/2023;22:49:00;351;Sem vítima;54,820;BR-50/MG;Crescente;Colisão lateral no mesmo sentido;1;1;0;0;0;0;1
17/04/2023;14:34:00;220;Sem vítima;20,820;BR-50/MG;Decrescente;Choque;1;1;0;0;0;0;1
25/04/2023;15:03:00;188;Sem vítima;234,700;BR-50/MG;Decrescente;Tombamento;1;1;0;0;0;0;1
27/04/2023;07:55:00;71;Sem vítima;233,120;BR-50/MG;Crescente;Engavetamento;1;1;0;0;0;0;1
27/04/2023;13:27:00;190;Sem vítima;290,480;BR-50/MG;Decrescente;Tombamento;1;0;0;0;0;0;1
28/04/2023;01:29:00;11;Sem vítima;34,000;BR-50/MG;Decrescente;Tombamento;1;1;0;0;0;0;1
29/04/2023;05:15:00;35;Sem vítima;206,000;BR-50/MG;Crescente;Colisão traseira;1;1;0;0;0;0;1
02/05/2023;10:02:00;113;Sem vítima;48,580;BR-50/MG;Decrescente;Colisão traseira;1;1;0;0;0;0;1
08/05/2023;09:42:00;160;Com vítima;140,000;BR-50/MG;Crescente;Capotamento;1;0;1;0;0;0;1
08/05/2023;17:12:00;329;Com vítima;178,800;BR-50/MG;Decrescente;Engavetamento;1;2;0;0;0;0;1
09/05/2023;04:22:00;21;Sem vítima;120,820;BR-50/MG;Crescente;Tombamento;1;1;0;0;0;0;1
11/05/2023;03:27:00;23;Sem vítima;60,000;BR-50/MG;Crescente;Colisão traseira;1;1;0;0;0;0;1
12/05/2023;15:45:00;285;Com vítima;176,150;BR-50/MG;Crescente;Colisão traseira;1;1;0;0;0;0;1
16/05/2023;08:55:00;115;Sem vítima;163,000;BR-50/MG;Crescente;Tombamento;1;1;0;0;0;0;1
17/05/2023;22:00:00;334;Sem vítima;177,000;BR-50/MG;Decrescente;Choque;1;1;0;0;0;0;1
18/05/2023;02:27:00;12;Sem vítima;174,000;BR-50/MG;Crescente;Colisão traseira;1;1;0;0;0;0;1
22/05/2023;16:37:00;240;Com vítima;25,000;BR-50/MG;Crescente;Colisão transversal;1;1;0;0;0;0;1
25/05/2023;23:17:00;392;Com vítima;62,300;BR-50/MG;Decrescente;Choque;1;0;0;1;0;0;2
31/05/2023;23:22:00;361;Sem vítima;81,500;BR-50/MG;Decrescente;Colisão lateral no mesmo sentido;1;1;0;0;0;0;1
01/06/2023;06:27:00;35;Com vítima;193,380;BR-50/MG;Crescente;Colisão traseira;1;1;0;0;0;0;1
07/06/2023;08:04:00;82;Com vítima;236,120;BR-50/MG;Crescente;Tombamento;1;0;0;1;0;0;2
14/06/2023;11:13:00;203;Com vítima;176,500;BR-50/MG;Crescente;Engavetamento;1;1;0;0;0;0;1
15/06/2023;15:04:00;213;Sem vítima;115,200;BR-50/MG;Decrescente;Tombamento;1;1;0;0;0;0;1
16/06/2023;04:24:00;29;Sem vítima;136,400;BR-50/MG;Crescente;Tombamento;1;1;0;0;0;0;1
19/06/2023;08:57:00;98;Sem vítima;166,000;BR-50/MG;Decrescente;Colisão traseira;1;1;0;0;0;0;1
21/06/2023;00:31:00;5;Com vítima;122,200;BR-50/MG;Decrescente;Capotamento;1;0;0;1;0;0;2
21/06/2023;17:37:00;302;Com vítima;107,000;BR-50/MG;Decrescente;Choque;1;0;1;0;0;0;1
25/06/2023;16:23:00;232;Com vítima;206,600;BR-50/MG;Decrescente;Choque;1;0;1;0;0;0;1
26/06/2023;14:14:00;230;Sem vítima;99,900;BR-50/MG;Crescente;Choque;1;1;0;0;0;0;1
28/06/2023;06:23:00;31;Com vítima;199,000;BR-50/MG;Decrescente;Colisão traseira;1;1;0;0;0;0;1
28/06/2023;18:34:00;268;Sem vítima;28,700;BR-50/MG;Crescente;Colisão traseira;1;1;0;0;0;0;1
01/07/2023;20:12:00;288;Sem vítima;101,800;BR-50/MG;Crescente;Choque;1;1;0;0;0;0;1
03/07/2023;19:12:00;320;Com vítima;105,000;BR-50/MG;Decrescente;Colisão traseira;1;1;0;0;0;0;1
05/07/2023;01:49:00;13;Sem vítima;143,500;BR-50/MG;Decrescente;Atropelamento de animal;1;1;0;0;0;0;1
06/07/2023;14:00:00;206;Sem vítima;294,100;BR-50/MG;Decrescente;Tombamento;1;1;0;0;0;0;1
10/07/2023;06:51:00;21;Com vítima;139,800;BR-50/MG;Crescente;Colisão traseira;1;1;0;0;0;0;1
10/07/2023;08:01:00;50;Sem vítima;79,000;BR-50/MG;Decrescente;Colisão traseira;1;1;0;0;0;0;1
15/07/2023;10:47:00;137;Com vítima;153,320;BR-50/MG;Decrescente;Colisão lateral no mesmo sentido;1;2;0;0;0;0;1
27/07/2023;20:32:00;395;Sem vítima;131,000;BR-50/MG;Crescente;Choque;1;1;0;0;0;0;1
03/08/2023;02:25:00;12;Sem vítima;106,400;BR-50/MG;Decrescente;Choque;1;0;0;0;0;0;1
09/08/2023;19:22:00;310;Sem vítima;299,000;BR-50/MG;Decrescente;Colisão traseira;1;1;0;0;0;0;1
10/08/2023;04:52:00;32;Sem vítima;29,300;BR-50/MG;Decrescente;Choque;1;1;0;0;0;0;1
10/08/2023;18:56:00;314;Sem vítima;180,000;BR-50/MG;Decrescente;Colisão traseira;1;1;0;0;0;0;1
16/08/2023;08:24:00;78;Com vítima;9,970;BR-50/MG;Decrescente;Colisão transversal;1;0;0;2;0;0;2
28/08/2023;02:16:00;6;Sem vítima;59,400;BR-50/MG;Decrescente;Tombamento;1;1;0;0;0;0;1
29/08/2023;20:24:00;343;Sem vítima;94,500;BR-50/MG;Crescente;Tombamento;1;0;0;0;0;0;1
30/08/2023;21:37:00;327;Sem vítima;174,000;BR-50/MG;Decrescente;Tombamento;1;1;0;0;0;0;1
01/09/2023;11:39:00;177;Com vítima;86,000;BR-50/MG;Crescente;Colisão traseira;1;0;1;0;0;0;1
04/09/2023;06:33:00;32;Com vítima;27,700;BR-50/MG;Decrescente;Tombamento;1;0;1;0;0;0;1
04/09/2023;08:38:00;100;Sem vítima;192,000;BR-50/MG;Crescente;Colisão traseira;1;1;0;0;0;0;1
13/09/2023;05:06:00;22;Sem vítima;52,500;BR-50/MG;Decrescente;Tombamento;1;1;0;0;0;0;1
14/09/2023;20:53:00;337;Com vítima;62,500;BR-50/MG;Decrescente;Tombamento;1;0;1;0;0;0;1
17/09/2023;13:51:00;187;Com vítima;194,000;BR-50/MG;Crescente;Tombamento;1;0;1;0;0;0;1
18/09/2023;01:30:00;6;Sem vítima;178,500;BR-50/MG;Crescente;Choque;1;1;0;0;0;0;1
19/09/2023;13:32:00;231;Sem vítima;296,950;BR-50/MG;Decrescente;Colisão traseira;1;1;0;0;0;0;1
19/09/2023;21:13:00;367;Sem vítima;297,600;BR-50/MG;Crescente;Acidentes de outra natureza;1;2;0;0;0;0;1